Sample ID,Species,State,Project,Cleaned to 50ğœ‡l,Qubit reading 1 (ng/uL),Qubit reading 2 (ng/uL),Qubit average,DNA in tube (ng),"uL for 0.5 ug DNA (if over 1000 uL, use whole sample)",Amount of TE to add,Normalized (Letter for rack for yes),Library made,Note,Collector,Collector number,Locality,County,State,,Latitude,Longitude,Source,,,Verbatim latitude,Verbatim longitude
H100:2,Heuchera pubescens,VA,genus,,9.93,9.93,9.93,9930,50.35,Vacuum centrifuge then add 25 uL,,2/5/2020,,Folk,100,"Floyd County, VA, USA",,,,36.8113889,-80.349722,,,,"36Â°48'41.00""N","80Â°20'59.00""W"
H101:2,Heuchera americana var. americana,VA,genus,,4.72,4.49,4.605,4605,108.58,Vacuum centrifuge then add 25 uL,,2/5/2020,,,,Mile marker 92 on Blue Ridge Parkway.,Rockbridge,VA,,37.7852778,-78.727778,,,,"37Â°47'07""","-79Â°16'20"""
H101:3,Heuchera americana var. americana,VA,genus,,6.61,6.43,6.52,6520,76.69,Vacuum centrifuge then add 25 uL,,2/5/2020,,,,Mile marker 92 on Blue Ridge Parkway.,Rockbridge,VA,,37.7852778,-78.727778,,,,"37Â°47'07""","-79Â°16'20"""
H102:1,Heuchera americana var. americana,VA,genus,,4.3,4.1,4.2,4200,119.05,Vacuum centrifuge then add 25 uL,,2/5/2020,,,,"20-Minute Cliff, Blue Ridge Parkway.",Nelson,VA,,37.8975,-78.946389,,,,"37Â°53'51""","-79Â°03'13"""
H102:2,Heuchera americana var. americana,VA,genus,,9.8,9.41,9.605,9605,52.06,Vacuum centrifuge then add 25 uL,,2/5/2020,,,,"20-Minute Cliff, Blue Ridge Parkway.",Nelson,VA,,37.8975,-78.946389,,,,"37Â°53'51""","-79Â°03'13"""
H103:2,Heuchera americana var. americana,VA,genus,,3.98,3.85,3.915,3915,127.71,Vacuum centrifuge then add 25 uL,,2/5/2020,,Folk,103,Rock Point Overlook along Blue Ridge Parkway.,Augusta,VA,,37.9372222,-78.948333,,,,"37Â°56'14.00""N","78Â°56'54.00""W"
H104:1,Heuchera americana var. hispida,WV,genus,,6.23,6.12,6.175,6175,80.97,Vacuum centrifuge then add 25 uL,,2/5/2020,,Folk,104,"Bank near Sandstone Falls, WV, USA",,,,37.7522222,-80.903611,,,,"37Â°45'08"" N","80Â°54'13"" W"
H105:1,Heuchera richardsonii,SD,genus,,14.5,14.5,14.5,14500,34.48,Vacuum centrifuge then add 25 uL,,2/5/2020,,Folk,105,"Parking lot near Sylvan Lake, SD",,,,43.8438361,-102.43763,,,,"43Â°50'37.81""","-103Â°33'44.54"""
H114:1,Heuchera cylindrica var. glabella,MT,genus,,1.95,1.9,1.925,1925,259.74,Vacuum centrifuge then add 25 uL,,2/5/2020,,,,"Igneous outcroppings along Recreation Rd, off of Hwy 15.",Lewis and Clark,MT,,46.9313889,-111.87833,,,,"46Â°55'53""","-112Â°07'18"""
H115:1,Heuchera cylindrica var. glabella,MT,genus,,2.75,2.68,2.715,2715,184.16,Vacuum centrifuge then add 25 uL,,2/5/2020,,Folk,115,"Sun Canyon, turnoff along road.",Lewis and Clark,MT,,47.61,-111.26139,,,,"47Â°36'36""","-112Â°44'19"""
H119:1,Heuchera cylindrica var. glabella,MT,genus,,3.71,3.5,3.605,3605,138.70,Vacuum centrifuge then add 25 uL,,2/5/2020,,,,Trai to Scenic Point on Mount Henry Trail.,Glacier,MT,,48.484933,-113.323603,,,,,
H122:1,Heuchera cylindrica var. cylindrica,WA,genus,,3.44,3.31,3.375,3375,148.15,Vacuum centrifuge then add 25 uL,,2/5/2020,,Folk,122,"Sherman Pass, WA",,,,48.6072222,-117.52222,,,,"48Â°36'26""","-118Â°28'40"""
H123:1,Heuchera cylindrica var. cylindrica,WA,genus,,2.45,2.37,2.41,2410,207.47,Vacuum centrifuge then add 25 uL,,2/5/2020,,,,,,,,48.6255556,-117.32556,,,,"48Â°37'32""","-118Â°40'28"""
H125:1,Heuchera cylindrica var. glabella,WA,genus,,--,--,#DIV/0!,#DIV/0!,#DIV/0!,#DIV/0!,,2/5/2020,Input 10 uL,Folk,125,"Standup Creek, WA",,,,47.3688889,-119.16139,,,,"47Â°22'08""","-120Â°50'19"""
H132:1,Heuchera micrantha var. diversifolia,WA,genus,,1.79,1.75,1.77,1770,282.49,Vacuum centrifuge then add 25 uL,,2/5/2020,,,,,,,,48.8175,-120.09139,,,,"48Â°49'03""","-121Â°54'31"""
H132:2,Heuchera micrantha var. diversifolia,WA,genus,,1.2,1.19,1.195,1195,418.41,Vacuum centrifuge then add 25 uL,,2/5/2020,,,,,,,,48.8175,-120.09139,,,,"48Â°49'03""","-121Â°54'31"""
H133:2,Heuchera glabra x H. micrantha,WA,genus,,4.45,4.36,4.405,4405,113.51,Vacuum centrifuge then add 25 uL,,2/5/2020,,Folk,133,"Alpine rock wall, side of Mt. Baker, WA, USA",,,,48.8180556,-121.90861,,,,"48Â°49'05"" N","121Â°54'31"" W"
H135:1,Heuchera glabra,WA,genus,,4.46,4.42,4.44,4440,112.61,Vacuum centrifuge then add 25 uL,,2/5/2020,,,,,,,,48.8697222,-120.34056,,,,"48Â°52'11""","-121Â°39'34"""
H136:1,Heuchera micrantha var. micrantha,OR,genus,,24.6,24.1,24.35,24350,20.53,4.47,,2/5/2020,,,,,,,,45.5930556,-121.94194,,,,"45Â°35'35""","-122Â°03'29"""
H137:1,Heuchera glabra,OR,genus,,5.93,5.73,5.83,5830,85.76,Vacuum centrifuge then add 25 uL,,2/5/2020,,Folk,137,"Cloud Cap near Mt. Hood, OR",,,,45.4025,-120.34556,,,,"45Â°24'09""","-121Â°39'16"""
H139:2,Heuchera grossulariifolia var. tenuifolia,OR,genus,,3.24,3.17,3.205,3205,156.01,Vacuum centrifuge then add 25 uL,,2/5/2020,,Folk,139,"Bank near Mosier, OR",,,,45.6836111,-120.595,,,,"45Â°41'01""","-121Â°24'18"""
H142,Heuchera cylindrica var. alpina,OR,genus,,0.635,0.615,0.625,625,800.00,Vacuum centrifuge then add 25 uL,,2/5/2020,Input 4 uL,,,,,,,45.6877778,-120.40167,,,,"45Â°41'16""","-121Â°35'54"""
H143:1,Heuchera micrantha var. pacifica,OR,genus,,2.48,2.43,2.455,2455,203.67,Vacuum centrifuge then add 25 uL,,2/5/2020,,,,,,,,43.0255556,-123.91861,,,,"43Â°01'32""","-124Â°04'53"""
H144:1,Heuchera micrantha var. hartwegii,OR,genus,,0.645,0.635,0.64,640,781.25,Vacuum centrifuge then add 25 uL,,2/5/2020,Input 4 uL,Folk,144,"Bank above roadside, Port Orford, OR",,,,42.7394444,-123.50083,,,,"42Â°44'22""","-124Â°29'57"""
H144:2,Heuchera micrantha var. hartwegii,OR,genus,,1.31,1.27,1.29,1290,387.60,Vacuum centrifuge then add 25 uL,,2/5/2020,,Folk,144,"Bank above roadside, Port Orford, OR",,,,42.7394444,-123.50083,,,,"42Â°44'22""","-124Â°29'57"""
H149:1,Heuchera micrantha var. erubescens,OR,genus,,1.17,1.09,1.13,1130,442.48,Vacuum centrifuge then add 25 uL,,2/5/2020,,,,,,,,42.6108333,-122.19472,,,,"42Â°36'39""","-123Â°48'19"""
H151:1,Heuchera cylindrica var. alpina,CA,genus,,1.03,1.02,1.025,1025,487.80,Vacuum centrifuge then add 25 uL,,2/5/2020,,Folk,151,"Roadside north of Medicine Lake, Mono County, CA",,,,41.6761111,-120.44333,,,,"41Â°40'34""","-121Â°33'24"""
H151:2,Heuchera cylindrica var. alpina,CA,genus,,4.11,3.98,4.045,4045,123.61,Vacuum centrifuge then add 25 uL,,2/5/2020,,Folk,151,"Roadside north of Medicine Lake, Mono County, CA",,,,41.6761111,-120.44333,,,,"41Â°40'34""","-121Â°33'24"""
H152:P,Heuchera cylindrica var. alpina,OR,genus,,3.42,3.43,3.425,3425,145.99,Vacuum centrifuge then add 25 uL,,2/5/2020,,Folk,152,"Talus slope near Steens Mountain, OR",,,,42.6413889,-117.42028,,,,"42Â°38'29""","-118Â°34'47"""
H152:W,Heuchera cylindrica var. alpina,OR,genus,,3.08,2.99,3.035,3035,164.74,Vacuum centrifuge then add 25 uL,,2/5/2020,,Folk,152,"Talus slope near Steens Mountain, OR",,,,42.6413889,-117.42028,,,,"42Â°38'29""","-118Â°34'47"""
H153:2,Heuchera rubescens var. truncata,OR,genus,,10.5,10.5,10.5,10500,47.62,Vacuum centrifuge then add 25 uL,,2/5/2020,,Folk,153,"Pike Creek Canyon, near Steens Mountain, OR, USA",,,,42.579625,-118.54263,,,,"42Â°34'46.65"" N","118Â°32'33.48"" W"
H155:1,Heuchera grossulariifolia var. grossulariifolia,ID,genus,,5.24,5.22,5.23,5230,95.60,Vacuum centrifuge then add 25 uL,,2/5/2020,,,,,,,,43.8991667,-114.29194,,,,"43Â°53'57""","-115Â°42'29"""
H157:1,Heuchera grossulariifolia var. grossulariifolia,ID,genus,,8.62,8.62,8.62,8620,58.00,Vacuum centrifuge then add 25 uL,,2/5/2020,,,,,,,,44.1163889,-114.59194,,,,"44Â°06'59""","-115Â°24'29"""
H158:1,Heuchera grossulariifolia var. grossulariifolia,ID,genus,,4.95,4.83,4.89,4890,102.25,Vacuum centrifuge then add 25 uL,,2/5/2020,,,,,,,,44.9588889,-115.79028,,,,"44Â°57'32""","-116Â°12'35"""
H162:1,Heuchera rubescens var. rubescens,ID,genus,,16.4,16.5,16.45,16450,30.40,Vacuum centrifuge then add 25 uL,,2/5/2020,,,,,,,,42.0958333,-110.48194,,,,"42Â°05'45""","-111Â°31'05"""
H163,Heuchera bracteata,WY,genus,,3.55,3.47,3.51,3510,142.45,Vacuum centrifuge then add 25 uL,,2/5/2020,,,,,,,,41.1927778,-104.60528,,,,"41Â°11'34""","-105Â°23'41"""
H165:2,Heuchera parvifolia,WY,genus,,8.72,8.67,8.695,8695,57.50,Vacuum centrifuge then add 25 uL,,2/5/2020,,Folk,165,"Vedauwoo Glen road near Hwy 80, vicinity of campground, Medicine Bow National Forest, WY, USA",,,,41.1563889,-104.60944,,,,"41Â°09'23""","-105Â°23'26"""
H167:1,Heuchera richardsonii,IL,genus,,15.8,15.9,15.85,15850,31.55,Vacuum centrifuge then add 25 uL,,2/5/2020,,,,,,,,41.3213889,-87.006389,,,,"41Â°19'17""","-88Â°59'37"""
H167:2,Heuchera richardsonii,IL,genus,,7.88,7.65,7.765,7765,64.39,Vacuum centrifuge then add 25 uL,,2/5/2020,,,,,,,,41.3213889,-87.006389,,,,"41Â°19'17""","-88Â°59'37"""
H194:1,Heuchera villosa var. macrorhiza,KY,genus,,5.04,4.73,4.885,4885,102.35,Vacuum centrifuge then add 25 uL,,2/6/20,,,,,,,,37.85625,-83.67765,,,,,
H20:2,Heuchera pulchella,NM,genus,,2.42,2.31,2.365,2365,211.42,Vacuum centrifuge then add 25 uL,,2/5/2020,,Folk,20,"Sandia Crest, NM, USA",,,,35.2110333,-106.45048,,,,35Â°12.662' N,106Â°27.029' W
H202:1,Heuchera longiflora var. longiflora,KY,genus,,11.5,11.4,11.45,11450,43.67,Vacuum centrifuge then add 25 uL,,2/5/2020,,Folk,20,"Sandia Crest, NM, USA",,,,35.2110333,-106.45048,,,,35Â°12.662' N,106Â°27.029' W
H21:1,Heuchera pulchella,NM,genus,,4.15,4.1,4.125,4125,121.21,Vacuum centrifuge then add 25 uL,,2/5/2020,,,,,,,,35.2209667,-106.45132,,,,35Â°13.258N,106Â°27.079
H21:2,Heuchera pulchella,NM,genus,,4.81,4.81,4.81,4810,103.95,Vacuum centrifuge then add 25 uL,,2/5/2020,,,,,,,,35.2209667,-106.45132,,,,35Â°13.258N,106Â°27.079
H22:2,Heuchera wootonii,NM,genus,,0.322,0.308,0.315,315,Use whole sample,Vacuum centrifuge then add 25 uL,,2/5/2020,Input 10 uL,Folk,22,"Dry bank, Capitan Peak, NM, USA",,,,33.6125,-105.24583,  ,,,"33Â°36'45"" N","105Â°14'45"" W"
H23:2,Heuchera woodsiaphila,NM,genus,,1,1,1,1000,500.00,Vacuum centrifuge then add 25 uL,,2/5/2020,,Folk,23,"Scree slope, Capitan Peak, NM, USA",,,,33.5962667,-105.25352,,,,33Â°35.776' N,105Â°15.211' W
H24:2,Heuchera novomexicana,NM,genus,,0.575,0.595,0.585,585,854.70,Vacuum centrifuge then add 25 uL,,2/5/2020,Input 4 uL,Folk,24,"Emory Pass Trail, NM, USA",,,,32.9242833,-107.77103,,,,32Â°55.457' N,107Â°46.262' W
H25:C,Heuchera novomexicana,NM,genus,,10.9,11,10.95,10950,45.66,Vacuum centrifuge then add 25 uL,,2/5/2020,,,,,,,,32.93045,-107.77137,,,,32Â°55.827'N,107Â°46.282'W
H26:2,Heuchera rubescens var. versicolor,NM,genus,,7.51,7.4,7.455,7455,67.07,Vacuum centrifuge then add 25 uL,,2/5/2020,,Folk,26,"Outcrop above Hwy 159, NM, USA",,,,33.3705556,-108.69278,,,,33Â°22'14' N,"108Â°41'34"" W"
H27:1,Heuchera rubescens var. versicolor,NM,genus,,2.36,2.33,2.345,2345,213.22,Vacuum centrifuge then add 25 uL,,2/5/2020,,,,,,,,33.3716667,-107.33722,,,,"33Â°22'18""","-108Â°39'46"""
H27:2,Heuchera rubescens var. versicolor,NM,genus,,--,--,#DIV/0!,#DIV/0!,#DIV/0!,#DIV/0!,,2/5/2020,Input 10 uL,,,,,,,33.3716667,-107.33722,,,,"33Â°22'18""","-108Â°39'46"""
H29,Heuchera rubescens var. versicolor,AZ,genus,,0.695,0.705,0.7,700,714.29,Vacuum centrifuge then add 25 uL,,2/5/2020,Input 4 uL,,,,,,,35.3353333,-792.98333,,,,35Â°20.120'N,"111Â°40,919'W"
H30,Heuchera rubescens var. versicolor,AZ,genus,,1.13,1.14,1.135,1135,440.53,Vacuum centrifuge then add 25 uL,,2/5/2020,,Folk,30,"Humphrey's Peak, San Francisco Mts., AZ",,,,35.3429833,-110.31923,,,,35Â°20.579',-111Â°40.846'
H30.5,Heuchera rubescens var. versicolor,AZ,genus,,24.9,25.1,25,25000,20.00,5.00,,2/5/2020,,Folk,30,"Humphrey's Peak, San Francisco Mts., AZ",,,,35.3429833,-110.31923,,,,35Â°20.579',-111Â°40.846'
H31,Heuchera rubescens var. versicolor,AZ,genus,,15.9,15.9,15.9,15900,31.45,Vacuum centrifuge then add 25 uL,,2/5/2020,,,,,,,,35.3367833,-111.69462,,,,35Â°20.207'N,111Â°41.677'W
H32:1,Heuchera inconstans,AZ,genus,,2.36,2.22,2.29,2290,218.34,Vacuum centrifuge then add 25 uL,,2/5/2020,,,,,,,,35.0352778,-110.14056,,,,"35Â°02'07""","-111Â°51'34"""
H32:2,Heuchera inconstans,AZ,genus,,8.93,8.65,8.79,8790,56.88,Vacuum centrifuge then add 25 uL,,2/5/2020,,,,,,,,35.0352778,-110.14056,,,,"35Â°02'07""","-111Â°51'34"""
H34:1,Heuchera inconstans,AZ,genus,,3.68,3.66,3.67,3670,136.24,Vacuum centrifuge then add 25 uL,,2/5/2020,,,,,,,,35.0036111,-111.76972,,,,"35Â°00'13"" N","111Â°46'11"" W"
H34:2,Heuchera inconstans,AZ,genus,,7.88,7.65,7.765,7765,64.39,Vacuum centrifuge then add 25 uL,,2/5/2020,,,,,,,,35.0036111,-111.76972,,,,"35Â°00'13"" N","111Â°46'11"" W"
H36,Heuchera eastwoodiae,AZ,genus,,5.02,5.01,5.015,5015,99.70,Vacuum centrifuge then add 25 uL,,2/5/2020,,,,,,,,34.4158333,-111.56444,,,,"34Â°24'57""","-112Â°26'08"""
H39:2,Heuchera hirsutissima,CA,genus,,2.26,2.15,2.205,2205,226.76,Vacuum centrifuge then add 25 uL,,2/5/2020,,Folk,39,"Mount San Jacinto, CA, USA",,,,33.8115833,-116.67575,,,,33Â°48.695' N,116Â°40.545' W
H40,Heuchera hirsutissima,CA,genus,,22,21.8,21.9,21900,22.83,2.17,,2/6/20,,,,,,,,33.8251833,-116.70208,,,,33Â°49.511' N,116Â°42.125' W
H42:1,Heuchera parishii,CA,genus,,4.36,4.21,4.285,4285,116.69,Vacuum centrifuge then add 25 uL,,2/6/20,,,,,,,,34.2113167,-116.79042,,,,34Â°12.679' N,116Â°47.425' W
H42:2,Heuchera parishii,CA,genus,,3.52,3.48,3.5,3500,142.86,Vacuum centrifuge then add 25 uL,,2/6/20,,,,,,,,34.2113167,-116.79042,,,,34Â°12.679' N,116Â°47.425' W
H43:2,Heuchera parishii,CA,genus,,3.69,3.52,3.605,3605,138.70,Vacuum centrifuge then add 25 uL,,2/6/20,,Folk,43,"Sugarloaf Mountain, CA, USA",,,,34.20005,-116.79368,,,,34Â°12.003' N,116Â°47.621' W
H44:2,Heuchera elegans,CA,genus,,6.3,6.13,6.215,6215,80.45,Vacuum centrifuge then add 25 uL,,2/6/20,,Folk ,44,"Talus above road to Crystal Lake, 0.5 mi from Hwy 39, CA, USA",,,,43.3156667,-117.84228,,,,43Â°18.940' N, 117Â°50.537' W
H45:1,Heuchera abramsii,CA,genus,,2.03,1.95,1.99,1990,251.26,Vacuum centrifuge then add 25 uL,,2/6/20,,Folk,45,"Mount Baldy, CA, USA",,,,34.2903833,-117.64563,,,,34Â°17.423â€™ N,117Â°38.738' W
H45:2,Heuchera abramsii,CA,genus,,17.6,17.5,17.55,17550,28.49,Vacuum centrifuge then add 25 uL,,2/6/20,,Folk,45,"Mount Baldy, CA, USA",,,,34.2903833,-117.64563,,,,34Â°17.423â€™ N,117Â°38.738' W
H46:1,Heuchera abramsii,CA,genus,,0.404,0.382,0.393,393,Use whole sample,Vacuum centrifuge then add 25 uL,,2/6/20,Input 10 uL,,,,,,,34.2874,-117.65382,,,,34Â°17.244' N,117Â°39.229' W
H46:2,Heuchera abramsii,CA,genus,,23,22.5,22.75,22750,21.98,3.02,,2/6/20,,,,,,,,34.2874,-117.65382,,,,34Â°17.244' N,117Â°39.229' W
H50:2,Heuchera parvifolia,CA,genus,,2.42,2.39,2.405,2405,207.90,Vacuum centrifuge then add 25 uL,,2/6/20,,Folk,50,"McAfee Meadow, White Mountains, Mono County, CA, USA",,,,37.5776667,-118.23147,,,,37Â°34.660' N,118Â°13.888' W
H51:1,Heuchera bracteata,CO,genus,,7.69,7.4,7.545,7545,66.27,Vacuum centrifuge then add 25 uL,,2/6/20,,Folk,51,"Echo Lake, CO",,,,39.6588889,-104.39778,,,,"39Â°39'32""","-105Â°36'08"""
H51:2,Heuchera bracteata,CO,genus,,10.8,10.7,10.75,10750,46.51,Vacuum centrifuge then add 25 uL,,2/6/20,,Folk,51,"Echo Lake, CO",,,,39.6588889,-104.39778,,,,"39Â°39'32""","-105Â°36'08"""
H52:2,Heuchera bracteata,CO,genus,,9.17,8.99,9.08,9080,55.07,Vacuum centrifuge then add 25 uL,,2/6/20,,Folk,52,"Dowdy Lake, CO, USA",,,,40.8008333,-105.55806,,,,40Â°48'03Â° N,"105Â°33'29"" W"
H53:2,Heuchera parvifolia,CO,genus,,3.89,3.87,3.88,3880,128.87,Vacuum centrifuge then add 25 uL,,2/6/20,,Folk,53,"Poudre Canyon Hwy, CO, USA",,,,40.695,-105.28389,,,,"40Â°41'42"" N","105Â°17'02"" W"
H54:1,Heuchera bracteata,CO,genus,,3,2.79,2.895,2895,172.71,Vacuum centrifuge then add 25 uL,,2/6/20,,,,,,,,40.6922222,-104.62583,,,,"40Â°41'32""","-105Â°22'27"""
H54:2,Heuchera bracteata,CO,genus,,0.382,0.376,0.379,379,Use whole sample,Vacuum centrifuge then add 25 uL,,2/6/20,Input 10 uL,,,,,,,40.6922222,-104.62583,,,,"40Â°41'32""","-105Â°22'27"""
H55:2,Heuchera parvifolia,CO,genus,,5.62,5.38,5.5,5500,90.91,Vacuum centrifuge then add 25 uL,,2/6/20,,Folk,55,"Along Rock Creek Hills Road, Lost Park, CO, USA",,,,39.3497222,-105.69028,,,,"39Â°20'59"" N","105Â°41'25"" W"
H56:2,Heuchera hallii,CO,genus,,13.1,13.1,13.1,13100,38.17,Vacuum centrifuge then add 25 uL,,2/6/20,,Folk,56,"Along Rock Creek Hills Road, Lost Park, CO, USA",,,,39.2869444,-105.52472,,,,"39Â°17'13"" N","105Â°31'29"" W"
H57,Heuchera parvifolia,CO,genus,,2.07,2.06,2.065,2065,242.13,Vacuum centrifuge then add 25 uL,,2/6/20,,,,"Along Rock Creek Hills Road, Lost Park, CO, USA",,,,39.2869444,-105.52472,,,,,
H58:1,Heuchera hallii,CO,genus,,2.22,2.14,2.18,2180,229.36,Vacuum centrifuge then add 25 uL,,2/6/20,,Folk,58,"Scrabbleback Mtn, CO",,,,38.1711111,-104.81944,,,,"38Â°10'16""","-105Â°10'50"""
H58:2,Heuchera hallii,CO,genus,,5.94,5.91,5.925,5925,84.39,Vacuum centrifuge then add 25 uL,,2/6/20,,Folk,58,"Scrabbleback Mtn, CO",,,,38.1711111,-104.81944,,,,"38Â°10'16""","-105Â°10'50"""
H59:2,Heuchera americana var. hirsuticaulis,MO,genus,,9.8,9.46,9.63,9630,51.92,Vacuum centrifuge then add 25 uL,,2/6/20,,Folk,59,"Roadside woods off Hwy 19, Mark Twain NF, Shannon Co. MO, USA",,,,37.39023,-91.45272,,,,37.39023Â° N,91.45272Â° W
H60:1,Heuchera americana var. hirsuticaulis,MO,genus,,16.8,16,16.4,16400,30.49,Vacuum centrifuge then add 25 uL,,2/6/20,,,,,,,,36.86859,-91.32724,,,,36.86859Â°,91.32724Â°
H60:2,Heuchera americana var. hirsuticaulis,MO,genus,,4.46,4.42,4.44,4440,112.61,Vacuum centrifuge then add 25 uL,,2/6/20,,,,,,,,36.86859,-91.32724,,,,36.86859Â°,91.32724Â°
H60:3,Heuchera americana var. hirsuticaulis,MO,genus,,7.99,7.79,7.89,7890,63.37,Vacuum centrifuge then add 25 uL,,2/6/20,,,,,,,,36.86859,-91.32724,,,,36.86859Â°,91.32724Â°
H61:1,Heuchera americana var. hirsuticaulis,MO,genus,,17.9,18,17.95,17950,27.86,Vacuum centrifuge then add 25 uL,,2/6/20,Also did the Nick duplicate of this,,,,,,,36.94794,-90.99215,,,,36.94794Â°,90.99215Â°
H61:2,Heuchera americana var. hirsuticaulis,MO,genus,,7.99,7.93,7.96,7960,62.81,Vacuum centrifuge then add 25 uL,,2/6/20,,,,,,,,36.94794,-90.99215,,,,36.94794Â°,90.99215Â°
H61:3,Heuchera americana var. hirsuticaulis,MO,genus,,9.32,8.86,9.09,9090,55.01,Vacuum centrifuge then add 25 uL,,2/6/20,,,,,,,,36.94794,-90.99215,,,,36.94794Â°,90.99215Â°
H62:1,Heuchera americana var. hirsuticaulis,MO,genus,,7.29,7.08,7.185,7185,69.59,Vacuum centrifuge then add 25 uL,,2/6/20,,,,,,,,37.19118,89.63458,,,,,
H62:2,Heuchera americana var. hirsuticaulis,MO,genus,,9.06,8.78,8.92,8920,56.05,Vacuum centrifuge then add 25 uL,,2/6/20,Also did the Nick duplicate of this,,,,,,,37.19118,89.63458,,,,,
H62:3,Heuchera americana var. hirsuticaulis,MO,genus,,1.05,1.02,1.035,1035,483.09,Vacuum centrifuge then add 25 uL,,2/6/20,,,,,,,,37.19118,89.63458,,,,,
H62:4,Heuchera americana var. hirsuticaulis,MO,genus,,7.18,6.99,7.085,7085,70.57,Vacuum centrifuge then add 25 uL,,2/6/20,Also did the Nick duplicate of this,,,,,,,37.19118,89.63458,,,,,
H62:5,Heuchera americana var. hirsuticaulis,MO,genus,,20.3,20.4,20.35,20350,24.57,0.43,,2/6/20,,,,,,,,37.19118,89.63458,,,,,
H62:6,Heuchera americana var. hirsuticaulis,MO,genus,,8.07,8.03,8.05,8050,62.11,Vacuum centrifuge then add 25 uL,,2/6/20,,,,,,,,37.19118,89.63458,,,,,
H63:2,Heuchera alba,WV,genus,,7.37,7.32,7.345,7345,68.07,Vacuum centrifuge then add 25 uL,,2/6/20,,Folk,63,"Along Hwy 55 3 mi W of Onego, WV, USA",,,,38.8742028,-79.467308,,,,38Â°52'27.13 N,"79Â°28'2.31"" W"
H64:2,Heuchera alba,WV,genus,,7.46,7.45,7.455,7455,67.07,Vacuum centrifuge then add 25 uL,,2/6/20,,Folk,64,"Pendleton County, WV, USA",,,,38.9091278,-79.271067,,,,"38Â°54'32.86"" N","79Â°16'15.84"" W"
H66,Heuchera longiflora var. longiflora,KY,genus,,12,12,12,12000,41.67,Vacuum centrifuge then add 25 uL,,2/6/20,,,,,,,,37.773981,-83.680942,,,,,
H67:1,Heuchera longiflora var. longiflora,OH,genus,,4.03,3.89,3.96,3960,126.26,Vacuum centrifuge then add 25 uL,,2/6/20,,,,,,,,38.7886111,-83.395833,,,,"38Â°47'19""","83Â°23'45"""
H71,Heuchera americana var. americana,OH,genus,,7.24,7.08,7.16,7160,69.83,Vacuum centrifuge then add 25 uL,,2/6/20,,,,,,,,38.576956,-82.335822,,,,,
H75:1,Heuchera villosa var. macrorhiza,KY,genus,,1.97,1.9,1.935,1935,258.40,Vacuum centrifuge then add 25 uL,,2/6/20,,,,,,,,37.8483333,-82.355833,,,,"37Â°50'54""","-83Â°38'39"""
H75:2,Heuchera villosa var. macrorhiza,KY,genus,,8.99,8.86,8.925,8925,56.02,Vacuum centrifuge then add 25 uL,,2/6/20,,,,,,,,37.8483333,-82.355833,,,,"37Â°50'54""","-83Â°38'39"""
H78:2,Heuchera villosa var. macrorhiza,OH,genus,,1.55,1.53,1.54,1540,324.68,Vacuum centrifuge then add 25 uL,,2/6/20,,Folk,78,"Long Lick Road, Shawnee State Forest, OH, USA",,,,38.6614111,-83.347211,,,,"38Â°39'41.08"" N","83Â°20'49.96"" W"
H78:3,Heuchera villosa var. macrorhiza,OH,genus,,8.59,8.5,8.545,8545,58.51,Vacuum centrifuge then add 25 uL,,2/6/20,,Folk,78,"Long Lick Road, Shawnee State Forest, OH, USA",,,,38.6614111,-83.347211,,,,"38Â°39'41.08"" N","83Â°20'49.96"" W"
H83:C,Heuchera americana var. americana,OH,genus,,16.4,16.2,16.3,16300,30.67,Vacuum centrifuge then add 25 uL,,2/6/20,,,,"Clifton Gorge, on a manmade rock wall on side of SR 370, just north of parking lot. Mosses (incl. Anomodon rostratus and Eurhynchium hians), Sedum ternatum, Lonicera, Alliaria petiolata, Pilea pumila, Asplenium, Solidago, Geum, Aster, mixed deciduous maple-oak woods.",Greene,OH,,39.784444,-83.864167,,,,,
H86:C,Heuchera americana var. americana,OH,genus,,9.47,9.49,9.48,9480,52.74,Vacuum centrifuge then add 25 uL,,2/6/20,,,,Honey Run Falls,Knox,OH,,40.382449,-82.265668,,,,,
H90:2,Heuchera villosa var. villosa,NC,genus,,12.6,12.5,12.55,12550,39.84,Vacuum centrifuge then add 25 uL,,2/6/20,,Folk,90,"0.25 mi S of Lewis Fork Overlook on Blue Ridge Parkway, NC, USA",,,,36.2619444,-80.559444,,,,"36Â°15'43""","-81Â°26'26"""
H91:1,Heuchera villosa var. villosa,NC,genus,,29.1,29.4,29.25,29250,17.09,7.91,,2/6/20,,,,,,,,36.2919444,-80.627778,,,,"36Â°17'31""","-81Â°22'20"""
H91:2,Heuchera villosa var. villosa,NC,genus,,19.7,20.1,19.9,19900,25.13,Vacuum centrifuge then add 25 uL,,2/6/20,,,,,,,,36.2919444,-80.627778,,,,"36Â°17'31""","-81Â°22'20"""
H92:2,Heuchera americana var. americana,NC,genus,,16,15.9,15.95,15950,31.35,Vacuum centrifuge then add 25 uL,,2/6/20,,Folk,92,,,,,35.9266667,-81.953889,,,,"35Â°55'36.00""N","81Â°57'14.00""W"
H92:3,Heuchera americana var. americana,NC,genus,,8.33,8.26,8.295,8295,60.28,Vacuum centrifuge then add 25 uL,,2/6/20,,Folk,92,,,,,35.9266667,-81.953889,,,,"35Â°55'36.00""N","81Â°57'14.00""W"
H93:1,Heuchera villosa var. villosa,NC,genus,,20.9,21.4,21.15,21150,23.64,1.36,,2/6/20,,,,,,,,35.819011,-82.137973,,,,,
H93:2,Heuchera villosa var. villosa,NC,genus,,20.2,20.2,20.2,20200,24.75,0.25,,2/6/20,,,,,,,,35.819011,-82.137973,,,,,
H94:2,Heuchera villosa var. villosa,NC,genus,,3.85,3.88,3.865,3865,129.37,Vacuum centrifuge then add 25 uL,,2/6/20,,,,,,,,35.7341667,-81.655833,,,,"35Â°44'03""","-82Â°20'39"""
H95,Heuchera americana var. americana,NC,genus,,16.1,16.3,16.2,16200,30.86,Vacuum centrifuge then add 25 uL,,2/6/20,,,,,,,,35.625553,-82.518968,,Â°,,,
H96:2,Heuchera pubescens,NC,genus,,13.4,13.3,13.35,13350,37.45,Vacuum centrifuge then add 25 uL,,2/6/20,,Folk,96,"Pilot Mountain State Park, NC, USA",,,,36.3444444,-80.473889,,,,"36Â°20'40"" N","80Â°28'26"" W"
H96:3,Heuchera pubescens,NC,genus,,6.88,6.89,6.885,6885,72.62,Vacuum centrifuge then add 25 uL,,2/6/20,,Folk,96,"Pilot Mountain State Park, NC, USA",,,,36.3444444,-80.473889,,,,"36Â°20'40"" N","80Â°28'26"" W"
H99:1,Heuchera longiflora var. aceroides,NC,genus,,0.246,0.22,0.233,233,Use whole sample,Vacuum centrifuge then add 25 uL,,2/6/20,Input 10 uL,Folk,99,,,,,35.8358333,-82.856667,,,,"35Â°50'9.00""N","82Â°51'24.00""W"
I15,Heuchera rubescens var. versicolor,NM,genus,,16.9,16.9,16.9,16900,29.59,Vacuum centrifuge then add 25 uL,,2/6/20,,,,"From Alplains. Lincoln county, NM. Along road to Sierra Blanca Peak.",Lincoln,NM,,33.37171,-105.808982,,,,,
I16,Heuchera sanguinea,AZ,genus,,12.6,12.5,12.55,12550,39.84,Vacuum centrifuge then add 25 uL,,2/6/20,,Folk,I-16,"Turkey Creek Canyon, Cochise Co., AZ",,,,31.8662222,-108.65357,,,,"31Â°51'58.40""","-109Â°20'47.16"""
I17,Heuchera hallii,CO,genus,,6.18,6.13,6.155,6155,81.23,Vacuum centrifuge then add 25 uL,,2/6/20,,,,"From Alplains. Chaffee county, CO.",Chaffee,CO,,38.9055,-106.1367,,,,,
I2,Heuchera americana var. brevipetala,OH,genus,,3.28,3.2,3.24,3240,154.32,Vacuum centrifuge then add 25 uL,,2/6/20,,,,"Private property with permission. Collected by Jeff Rose. Edge of powerline cutting, oak-red maple swamp forest, on wet grassy hummock, with Phalaris, Rubus, Carex, Cornus, Ilex verticilata. Petioles ~glabrous.",,,,41.174476,-84.256819,,,,,
I20,Heuchera americana var. americana,VA,genus,,7.94,7.85,7.895,7895,63.33,Vacuum centrifuge then add 25 uL,,2/6/20,,,,On ~granite outcrop in leaf litter over the South Fork Rivanna River Reservoir. Collected by Brandon Sinn,,,,38.094964,-78.489373,,,,,
I42,Heuchera elegans,CA,genus,,2.32,2.29,2.305,2305,216.92,Vacuum centrifuge then add 25 uL,,2/6/20,,,,,,,,34.371041,-117.870139,,,,,
I47,Heuchera cylindrica var. glabella,WA,genus,,3.72,3.63,3.675,3675,136.05,Vacuum centrifuge then add 25 uL,,2/6/20,,,,"Perseverance Trail near Juneau. From Merrill Jensen, Jensen-Olson Arboretum.",,,,58.308531,-134.392054,,,,,
I54,Heuchera pilosissima,CA,genus,,7.3,7.28,7.29,7290,68.59,Vacuum centrifuge then add 25 uL,,2/6/20,,,,"Miner's Point Rd, from USA ARS",Mendocino,CA,,38.944139,-123.716917,,,,,
I61,Heuchera villosa var. macrorhiza,VA,genus,,18.4,18.5,18.45,18450,27.10,Vacuum centrifuge then add 25 uL,,2/6/20,,,,"Breaks Interstate Park. Mossy seep, near vertical. Large but very local population.",Dickenson,VA,,37.294156,-82.307375,,,,,
I62,Heuchera pilosissima,CA,genus,,2.32,2.23,2.275,2275,219.78,Vacuum centrifuge then add 25 uL,,2/6/20,,,,"Marshall-Petaluma Rd. (rd. marker C112 13.38), 0.5 mi. NE of intersection with Rt. 1 at Marshall. On steep, N-facing, nearly vertical rock face along rd. In rich coastal scrub community typical of windswept, fogbelt area. From Berkeley Botanical Garden.",Marin,CA,,38.161796,-122.883129,,,,,
I63,Heuchera merriamii,CA,genus,,0.82,0.85,0.835,835,598.80,Vacuum centrifuge then add 25 uL,,2/6/20,Input 4 uL,Raiche,10104,"Kangaroo Ridge, Siskiyou Mts., CA",,,,41.3330917,-121.3644,,,,"41Â°19'59.13""","-122Â°38'8.17"""
I65,Heuchera richardsonii,MI,genus,,9.69,9.54,9.615,9615,52.00,Vacuum centrifuge then add 25 uL,,2/6/20,,,,"Fenwood Nature Preserve, Michigan. Send from Berkeley Botanical Garden.",,,,41.868479,-86.348772,,,,,
I67,Heuchera alba,WV,genus,,34.1,34.3,34.2,34200,14.62,10.38,,2/6/20,,,,Dolly Sods Wilderness. Sent by Peter Zale.,Highland,WV,,38.594238,-79.18181,,,,,
I76:1,Heuchera rosendahlii,Chihuahua,genus,,7.17,7.25,7.21,721,69.35,Vacuum centrifuge then add 25 uL,,,,,,Cascada de Basaseachic,,Chihuahua,Mexico,28.133465,-108.250005,,,,,
I76:2,Heuchera rosendahlii,Chihuahua,genus,,2.65,2.69,2.67,267,Use whole sample,Vacuum centrifuge then add 25 uL,,,,,,Cascada de Basaseachic,,Chihuahua,Mexico,28.133465,-108.250005,,,,,
I77:1,Heuchera wellsiae,Durango,genus,,2.38,2.4,2.39,239,Use whole sample,Vacuum centrifuge then add 25 uL,,,Extremely gelatinous,Sanders,4938,Just W of Puente Buenos Aires on Rt. 40 ca. km 154,,Durango,Mexico,23.596697,-105.847053,,,,,
I77:2,Heuchera wellsiae,Durango,genus,,--,--,#DIV/0!,#DIV/0!,#DIV/0!,#DIV/0!,,,,Sanders,4938,Just W of Puente Buenos Aires on Rt. 40 ca. km 154,,Durango,Mexico,23.596697,-105.847053,,,,,
I78:1,Heuchera wellsiae,Durango,genus,,2.44,2.47,2.455,245.5,Use whole sample,Vacuum centrifuge then add 25 uL,,,,Powell,1860,3.4 mi E of El Palmito,,Durango,Mexico,23.608673,-105.842256,,,,,
I78:2,Heuchera wellsiae,Durango,genus,,--,--,#DIV/0!,#DIV/0!,#DIV/0!,#DIV/0!,,,,Powell,1860,3.4 mi E of El Palmito,,Durango,Mexico,23.608673,-105.842256,,,,,
I79:1,Heuchera rosendahlii,Chihuahua,genus,,2.45,2.47,2.46,246,Use whole sample,Vacuum centrifuge then add 25 uL,,,,Spellenberg,12019,Cascada de Basaseachic,,Chihuahua,Mexico,28.133465,-108.250005,,,,,
I79:2,Heuchera rosendahlii,Chihuahua,genus,,1.05,1.07,1.06,106,Use whole sample,Vacuum centrifuge then add 25 uL,,,,Spellenberg,12019,Cascada de Basaseachic,,Chihuahua,Mexico,28.133465,-108.250005,,,,,
I81:1,Heuchera sanguinea,Coahuila,genus,,--,--,#DIV/0!,#DIV/0!,#DIV/0!,#DIV/0!,,,,Ginzbarg,161,Sierra Coahuilon,,Coahuila,Mexico,25.245293,-100.355943,,,,,
I81:2,Heuchera sanguinea,Coahuila,genus,,--,--,#DIV/0!,#DIV/0!,#DIV/0!,#DIV/0!,,,,Ginzbarg,161,Sierra Coahuilon,,Coahuila,Mexico,25.245293,-100.355943,,,,,
I82,Heuchera richardsonii,Alberta,genus,,16.5,16,16.25,16250,30.77,Vacuum centrifuge then add 25 uL,,2/6/20,,,,"Range road 13A [301A?]"" south of hwy 520, Porcupine Hills, Alberta, Canada. Seed from Wild about Wildflowers.",,Alberta,Canada,49.949883,-113.97907,,,,,
I83,Heuchera rubescens var. versicolor,AZ,genus,,3.62,3.53,3.575,3575,139.86,Vacuum centrifuge then add 25 uL,,2/6/20,,,,"Rustler Park, Chiricahua Mountains, about 8300 ft. elev. at base of cliffs Sept. 19, 2012 (a known locality on SEINET), Cochise County, AZ, in Coronado National Forest. Seed from Southwestern Native Seeds.",Cochise,AZ,,31.886811,-109.279457,,,,,
I84,Heuchera sanguinea,AZ,genus,,6.91,6.83,6.87,6870,72.78,Vacuum centrifuge then add 25 uL,,2/6/20,,,,"Above Madera Canyon by the Agua Caliente Trail on Mount Hopkins at about 7100 ft elev, Sept. 29, 2011, barely in Santa Cruz County near the Pima County line, Coronado National Forest, AZ. From Southwestern Native Seeds.",Santa Cruz,AZ,,31.697581,-110.881586,,,,,
FL-1 ,Heuchera longiflora var. longiflora,TN,longiflora,,14.1,14.2,14.15,1415,35.34,Vacuum centrifuge then add 25 uL,,1/31/2020,,Floden and Schilling,3129,,,,,36.5326389,-83.479353,,,,"36Â°31'57.50""N","83Â°28'45.67""W"
FL-1 CL,Heuchera longiflora var. longiflora,TN,longiflora,,3.15,3.22,3.185,318.5,Use whole sample,Vacuum centrifuge then add 25 uL,,,,,,,,,,36.5326389,-83.479353,,,,,
FL-10,Heuchera longiflora var. aceroides,TN,longiflora,,3.15,3.16,3.155,315.5,Use whole sample,Vacuum centrifuge then add 25 uL,,1/31/2020,,Floden,2090,,,,,36.2907472,-83.003425,,,,"36Â°17'26.69""N","83Â° 0'12.33""W"
FL-10 CL,Heuchera longiflora var. aceroides,TN,longiflora,,1.68,1.7,1.69,169,Use whole sample,Vacuum centrifuge then add 25 uL,,,,Floden,2090,,,,,36.2907472,-83.003425,,,,"36Â°17'26.69""N","83Â° 0'12.33""W"
FL-11,Heuchera longiflora var. aceroides,TN,longiflora,,3.85,3.73,3.79,379,Use whole sample,Vacuum centrifuge then add 25 uL,,1/31/2020,,Floden,2081,,,,,36.3596917,-82.867069,,,,"36Â°21'34.89""N","82Â°52'1.45""W"
FL-11 CL,Heuchera longiflora var. aceroides,TN,longiflora,,2.67,2.63,2.65,265,Use whole sample,Vacuum centrifuge then add 25 uL,,,,Floden,2081,,,,,36.3596917,-82.867069,,,,"36Â°21'34.89""N","82Â°52'1.45""W"
FL-12,Heuchera longiflora var. aceroides,TN,longiflora,,10.8,10.1,10.45,1045,47.85,Vacuum centrifuge then add 25 uL,,1/31/2020,,"Floden, Schilling, and Lampley",3085-II,,,,,36.3505444,-82.927314,,,,"36Â°21'1.96""N","82Â°55'38.33""W"
FL-12 CL,Heuchera longiflora var. aceroides,TN,longiflora,,8.81,8.75,8.78,878,56.95,Vacuum centrifuge then add 25 uL,,,,"Floden, Schilling, and Lampley",3085-II,,,,,36.3505444,-82.927314,,,,"36Â°21'1.96""N","82Â°55'38.33""W"
FL-14,Heuchera longiflora var. longiflora,TN,longiflora,,2.4,1.88,2.14,214,Use whole sample,Vacuum centrifuge then add 25 uL,,1/31/2020,,"Floden, Schilling, and Lampley",3083,,,,,36.4632556,-82.766714,,,,"36Â°27'47.72""N","82Â°46'0.17""W"
FL-14 CL,Heuchera longiflora var. longiflora,TN,longiflora,,4.65,4.18,4.415,441.5,Use whole sample,Vacuum centrifuge then add 25 uL,,,,"Floden, Schilling, and Lampley",3083,,,,,36.4632556,-82.766714,,,,"36Â°27'47.72""N","82Â°46'0.17""W"
FL-15,Heuchera longiflora var. longiflora,TN,longiflora,,10.3,10.1,10.2,1020,49.02,Vacuum centrifuge then add 25 uL,,1/31/2020,,Floden and Schilling,3128,,,,,36.5187889,-83.496497,,,,"36Â°31'7.64""N","83Â°29'47.39""W"
FL-15 CL,Heuchera longiflora var. longiflora,TN,longiflora,,6.08,5.77,5.925,592.5,84.39,Vacuum centrifuge then add 25 uL,,,,Floden and Schilling,3128,,,,,36.5187889,-83.496497,,,,"36Â°31'7.64""N","83Â°29'47.39""W"
FL-16,Heuchera longiflora var. aceroides,TN,longiflora,,11.7,10.7,11.2,1120,44.64,Vacuum centrifuge then add 25 uL,,1/31/2020,,Floden and Schilling,s.n.,,,,,36.2998861,-82.996839,,,,"36Â°17'59.59""N","82Â°59'48.62""W"
FL-16 CL,Heuchera longiflora var. aceroides,TN,longiflora,,6.24,6.25,6.245,624.5,80.06,Vacuum centrifuge then add 25 uL,,,,Floden and Schilling,s.n.,,,,,36.2998861,-82.996839,,,,"36Â°17'59.59""N","82Â°59'48.62""W"
FL-17,Heuchera longiflora var. longiflora,TN,longiflora,,5.73,5.64,5.685,568.5,87.95,Vacuum centrifuge then add 25 uL,,1/31/2020,,Floden and Schilling,3047,,,,,36.5892917,-83.384286,,,,"36Â°35'21.45""N","83Â°23'3.43""W"
FL-17 CL,Heuchera longiflora var. longiflora,TN,longiflora,,6.45,5.97,6.21,621,80.52,Vacuum centrifuge then add 25 uL,,,,Floden and Schilling,3047,,,,,36.5892917,-83.384286,,,,"36Â°35'21.45""N","83Â°23'3.43""W"
FL-18,Heuchera longiflora var. aceroides,TN,longiflora,,9.4,9.07,9.235,923.5,54.14,Vacuum centrifuge then add 25 uL,,1/31/2020,,Floden,3188,,,,,35.9701667,-82.961383,,,,"35Â°58'12.60""N","82Â°57'40.98""W"
FL-18 CL,Heuchera longiflora var. aceroides,TN,longiflora,,6.18,6.07,6.125,612.5,81.63,Vacuum centrifuge then add 25 uL,,,,Floden,3188,,,,,35.9701667,-82.961383,,,,"35Â°58'12.60""N","82Â°57'40.98""W"
FL-2,Heuchera longiflora var. aceroides,TN,longiflora,,6.93,6.48,6.705,670.5,74.57,Vacuum centrifuge then add 25 uL,,1/31/2020,,"Floden, Schilling, and Lampley",s.n.,,,,,36.4553528,-82.780539,,,,"36Â°27'19.27""N","82Â°46'49.94""W"
FL-2 CL,Heuchera longiflora var. aceroides,TN,longiflora,,2.73,2.73,2.73,273,Use whole sample,Vacuum centrifuge then add 25 uL,,,,"Floden, Schilling, and Lampley",s.n.,,,,,36.4553528,-82.780539,,,,"36Â°27'19.27""N","82Â°46'49.94""W"
FL-20,Heuchera longiflora var. aceroides,TN,longiflora,,4.55,4.65,4.6,460,Use whole sample,Vacuum centrifuge then add 25 uL,,1/31/2020,,Folk,L-20,,,,,37.6304667,-83.770767,,,,"37Â°37'49.68""N","83Â°46'14.76""W"
FL-20 CL,Heuchera longiflora var. aceroides,TN,longiflora,,3.08,3.47,3.275,327.5,Use whole sample,Vacuum centrifuge then add 25 uL,,,,Folk,L-20,,,,,37.6304667,-83.770767,,,,"37Â°37'49.68""N","83Â°46'14.76""W"
FL-21,Heuchera longiflora var. aceroides,TN,longiflora,,7.95,7.69,7.82,782,63.94,Vacuum centrifuge then add 25 uL,,1/31/2020,,Floden,3189,,,,,35.9632083,-82.899089,,,,"35Â°57'47.55""N","82Â°53'56.72""W"
FL-21 CL,Heuchera longiflora var. aceroides,TN,longiflora,,4.08,4.07,4.075,407.5,Use whole sample,Vacuum centrifuge then add 25 uL,,,,Floden,3189,,,,,35.9632083,-82.899089,,,,"35Â°57'47.55""N","82Â°53'56.72""W"
FL-22,Heuchera longiflora var. longiflora,TN,longiflora,,5.14,4.84,4.99,499,Use whole sample,Vacuum centrifuge then add 25 uL,,1/31/2020,,Floden and Schilling,3157,,,,,36.5578028,-83.565797,,,,"36Â°33'28.09""N","83Â°33'56.87""W"
FL-22 CL,Heuchera longiflora var. longiflora,TN,longiflora,,4.46,4.42,4.44,444,Use whole sample,Vacuum centrifuge then add 25 uL,,,,Floden and Schilling,3157,,,,,36.5578028,-83.565797,,,,"36Â°33'28.09""N","83Â°33'56.87""W"
FL-23,Heuchera longiflora var. aceroides,TN,longiflora,,18.1,16.7,17.4,1740,28.74,Vacuum centrifuge then add 25 uL,,,,Floden,3196,,,,,36.3684472,-82.865333,,,,"36Â°22'6.41""N","82Â°51'55.20""W"
FL-23 CL,Heuchera longiflora var. aceroides,TN,longiflora,,9.24,8.13,8.685,868.5,57.57,Vacuum centrifuge then add 25 uL,,,,Floden,3196,,,,,36.3684472,-82.865333,,,,"36Â°22'6.41""N","82Â°51'55.20""W"
FL-25,Heuchera longiflora var. longiflora,VA,longiflora,,5.62,5.64,5.63,563,88.81,Vacuum centrifuge then add 25 uL,,1/31/2020,,Floden,3208,,,,,36.6679833,-83.230925,,,,"36Â°40'4.74""N","83Â°13'51.33""W"
FL-25 CL,Heuchera longiflora var. longiflora,VA,longiflora,,2.22,2.22,2.22,222,Use whole sample,Vacuum centrifuge then add 25 uL,,,,Floden,3208,,,,,36.6679833,-83.230925,,,,"36Â°40'4.74""N","83Â°13'51.33""W"
FL-26,Heuchera longiflora var. longiflora,AL,longiflora,,4.65,4.68,4.665,466.5,Use whole sample,Vacuum centrifuge then add 25 uL,,1/31/2020,,Floden,s.n.,,,,,33.1415972,-86.258378,,,,"33Â° 8'29.75""N","86Â°15'30.16""W"
FL-3,Heuchera longiflora var. aceroides,TN,longiflora,,14.1,13.7,13.9,1390,35.97,Vacuum centrifuge then add 25 uL,,1/31/2020,,Floden,2077,,,,,36.3771889,-82.854369,,,,"36Â°22'37.88""N","82Â°51'15.73""W"
FL-3 CL,Heuchera longiflora var. aceroides,TN,longiflora,,8.41,8.21,8.31,831,60.17,Vacuum centrifuge then add 25 uL,,,,Floden,2077,,,,,36.3771889,-82.854369,,,,"36Â°22'37.88""N","82Â°51'15.73""W"
FL-4,Heuchera longiflora var. aceroides,TN,longiflora,,14.4,14.5,14.45,1445,34.60,Vacuum centrifuge then add 25 uL,,1/31/2020,,Floden and Schilling,3088,,,,,36.3006806,-82.965453,,,,"36Â°18'2.45""N","82Â°57'55.63""W"
FL-4 CL,Heuchera longiflora var. aceroides,TN,longiflora,,3.34,3.4,3.37,337,Use whole sample,Vacuum centrifuge then add 25 uL,,,,Floden and Schilling,3088,,,,,36.3006806,-82.965453,,,,"36Â°18'2.45""N","82Â°57'55.63""W"
FL-5,Heuchera longiflora var. aceroides,TN,longiflora,,16.5,15.3,15.9,1590,31.45,Vacuum centrifuge then add 25 uL,,1/31/2020,,"Floden, Schilling, and Lampley",3085,,,,,36.4431806,-82.802606,,,,"36Â°26'35.45""N","82Â°48'9.38""W"
FL-5 CL,Heuchera longiflora var. aceroides,TN,longiflora,,7.4,7.39,7.395,739.5,67.61,Vacuum centrifuge then add 25 uL,,,,"Floden, Schilling, and Lampley",3085,,,,,36.4431806,-82.802606,,,,"36Â°26'35.45""N","82Â°48'9.38""W"
FL-6,Heuchera longiflora var. aceroides,TN,longiflora,,7.2,7.89,7.545,754.5,66.27,Vacuum centrifuge then add 25 uL,,1/31/2020,,"Floden, Schilling, and Lampley",3073,,,,,36.4619917,-82.689403,,,,"36Â°27'43.17""N","82Â°41'21.85""W"
FL-6 CL,Heuchera longiflora var. aceroides,TN,longiflora,,2.44,2.37,2.405,240.5,Use whole sample,Vacuum centrifuge then add 25 uL,,,,"Floden, Schilling, and Lampley",3073,,,,,36.4619917,-82.689403,,,,"36Â°27'43.17""N","82Â°41'21.85""W"
FL-8,Heuchera longiflora var. longiflora,TN,longiflora,,1.98,1.97,1.975,197.5,Use whole sample,Vacuum centrifuge then add 25 uL,,1/31/2020,,Floden and Schilling,3123,,,,,36.5873139,-83.418478,,,,"36Â°35'14.33""N","83Â°25'6.52""W"
FL-8 CL,Heuchera longiflora var. longiflora,TN,longiflora,,2.51,2.6,2.555,255.5,Use whole sample,Vacuum centrifuge then add 25 uL,,,,Floden and Schilling,3123,,,,,36.5873139,-83.418478,,,,"36Â°35'14.33""N","83Â°25'6.52""W"
FL-9,Heuchera longiflora var. longiflora,TN,longiflora,,5.78,5.98,5.88,588,85.03,Vacuum centrifuge then add 25 uL,,1/31/2020,,Floden and Schilling,3136,,,,,36.535025,-83.465767,,,,"36Â°32'6.09""N","83Â°27'56.76""W"
H193:2,Heuchera longiflora var. longiflora,KY,longiflora,,6.6,7.45,7.025,702.5,71.17,Vacuum centrifuge then add 25 uL,,1/31/2020,,Folk,193,,,,,37.8201667,-83.666983,,,,"37Â°49'12.60""N","83Â°40'1.14""W"
H193:2 CL,Heuchera longiflora var. longiflora,KY,longiflora,,3.33,3.24,3.285,328.5,Use whole sample,Vacuum centrifuge then add 25 uL,,,,Folk,193,,,,,37.8201667,-83.666983,,,,"37Â°49'12.60""N","83Â°40'1.14""W"
H202:2,Heuchera longiflora var. longiflora,KY,longiflora,,4.83,4.92,4.875,487.5,Use whole sample,Vacuum centrifuge then add 25 uL,,1/31/2020,,Folk,202,,,,,38.3549889,-83.113867,,,,"38Â°21'17.96""N","83Â° 6'49.92""W"
H202:2 CL,Heuchera longiflora var. longiflora,KY,longiflora,,3.66,3.45,3.555,355.5,Use whole sample,Vacuum centrifuge then add 25 uL,,,,Folk,202,,,,,38.3549889,-83.113867,,,,"38Â°21'17.96""N","83Â° 6'49.92""W"
H81:C,Heuchera longiflora var. longiflora,OH,longiflora,,3.4,3.5,3.45,3450,144.93,Vacuum centrifuge then add 25 uL,,1/31/2020,,Folk,81,,,,,38.7041667,-83.407778,,,,"38Â°42'15.00""N","83Â°24'28.00""W"
H81:C CL,Heuchera longiflora var. longiflora,OH,longiflora,,7.82,7.58,7.7,770,64.94,Vacuum centrifuge then add 25 uL,,,,Folk,81,,,,,38.7041667,-83.407778,,,,"38Â°42'15.00""N","83Â°24'28.00""W"
H82:C,Heuchera longiflora var. longiflora,OH,longiflora,,9.65,9.7,9.675,9675,51.68,Vacuum centrifuge then add 25 uL,,1/31/2020,,Folk,82,,,,,38.7886111,-83.395833,,,,"38Â°47'19.00""N","83Â°23'45.00""W"
H82:C CL,Heuchera longiflora var. longiflora,OH,longiflora,,9.08,9.49,9.285,928.5,53.85,Vacuum centrifuge then add 25 uL,,,,,,,,,,38.7886111,-83.395833,,,,"38Â°47'19.00""N","83Â°23'45.00""W"
L1-1,Heuchera longiflora var. aceroides,NC,longiflora,,10.1,9.64,9.87,987,50.66,Vacuum centrifuge then add 25 uL,,1/31/2020,,Folk,L-1,,,,,35.7467139,-82.872478,,,,"35Â°44'48.17""N","82Â°52'20.92""W"
L1-1 CL,Heuchera longiflora var. aceroides,NC,longiflora,,2.47,2.81,2.64,264,Use whole sample,Vacuum centrifuge then add 25 uL,,,,Folk,L-1,,,,,35.7467139,-82.872478,,,,"35Â°44'48.17""N","82Â°52'20.92""W"
L1-2,Heuchera longiflora var. aceroides,NC,longiflora,,7.74,6.73,7.235,723.5,69.11,Vacuum centrifuge then add 25 uL,,1/31/2020,,Folk,L-1,,,,,35.7467139,-82.872478,,,,"35Â°44'48.17""N","82Â°52'20.92""W"
L10-1,Heuchera longiflora var. longiflora,KY,longiflora,,5.7,5.75,5.725,572.5,87.34,Vacuum centrifuge then add 25 uL,,1/31/2020,,Folk,L-10,,,,,37.0319889,-82.855197,,,,"37Â° 1'55.16""N","82Â°51'18.71""W"
L10-1 CL,Heuchera longiflora var. longiflora,KY,longiflora,,1.98,1.93,1.955,195.5,Use whole sample,Vacuum centrifuge then add 25 uL,,,,Folk,L-10,,,,,37.0319889,-82.855197,,,,"37Â° 1'55.16""N","82Â°51'18.71""W"
L11-1,Heuchera longiflora var. longiflora,KY,longiflora,,4.62,5.39,5.005,500.5,99.90,Vacuum centrifuge then add 25 uL,,1/31/2020,,Folk,L-11,,,,,38.0242556,-83.713053,,,,"38Â° 1'27.32""N","83Â°42'46.99""W"
L11-1 CL,Heuchera longiflora var. longiflora,KY,longiflora,,2.4,2.49,2.445,244.5,Use whole sample,Vacuum centrifuge then add 25 uL,,,,Folk,L-11,,,,,38.0242556,-83.713053,,,,"38Â° 1'27.32""N","83Â°42'46.99""W"
L11-2,Heuchera longiflora var. longiflora,KY,longiflora,,7.15,6.71,6.93,693,72.15,Vacuum centrifuge then add 25 uL,,1/31/2020,,,,,,,,38.0242556,-83.713053,,,,,
L12-1,Heuchera longiflora var. longiflora,KY,longiflora,,2,2,2,200,Use whole sample,Vacuum centrifuge then add 25 uL,,1/31/2020,,Folk,L-12,,,,,38.1094472,-83.465361,,,,"38Â° 6'34.01""N","83Â°27'55.30""W"
L12-1 CL,Heuchera longiflora var. longiflora,KY,longiflora,,1.75,1.82,1.785,178.5,Use whole sample,Vacuum centrifuge then add 25 uL,,,,Folk,L-12,,,,,38.1094472,-83.465361,,,,"38Â° 6'34.01""N","83Â°27'55.30""W"
L12-2,Heuchera longiflora var. longiflora,KY,longiflora,,3.19,3.19,3.19,319,Use whole sample,Vacuum centrifuge then add 25 uL,,1/31/2020,,,,,,,,38.1094472,-83.465361,,,,,
L13-1,Heuchera longiflora var. longiflora,KY,longiflora,,2.27,2.29,2.28,228,Use whole sample,Vacuum centrifuge then add 25 uL,,1/31/2020,,Folk,L-13,,,,,38.1203222,-83.237625,,,,"38Â° 7'13.16""N","83Â°14'15.45""W"
L13-1 CL,Heuchera longiflora var. longiflora,KY,longiflora,,2.6,2.66,2.63,263,Use whole sample,Vacuum centrifuge then add 25 uL,,,,Folk,L-13,,,,,38.1203222,-83.237625,,,,"38Â° 7'13.16""N","83Â°14'15.45""W"
L13-2,Heuchera longiflora var. longiflora,KY,longiflora,,3.17,3.21,3.19,319,Use whole sample,Vacuum centrifuge then add 25 uL,,1/31/2020,,,,,,,,38.1203222,-83.237625,,,,,
L14-1,Heuchera longiflora var. longiflora,KY,longiflora,,3.53,3.31,3.42,342,Use whole sample,Vacuum centrifuge then add 25 uL,,1/31/2020,,Folk,L-14,,,,,37.6698389,-82.913272,,,,"37Â°40'11.42""N","82Â°54'47.78""W"
L14-1 CL,Heuchera longiflora var. longiflora,KY,longiflora,,2.41,2.38,2.395,239.5,Use whole sample,Vacuum centrifuge then add 25 uL,,,,Folk,L-14,,,,,37.6698389,-82.913272,,,,"37Â°40'11.42""N","82Â°54'47.78""W"
L14-2,Heuchera longiflora var. longiflora,KY,longiflora,,4.23,4.24,4.235,423.5,Use whole sample,Vacuum centrifuge then add 25 uL,,1/31/2020,,,,,,,,37.6698389,-82.913272,,,,,
L15-1,Heuchera longiflora var. longiflora,KY,longiflora,,3.91,3.79,3.85,385,Use whole sample,Vacuum centrifuge then add 25 uL,,1/31/2020,,Folk,L-15,,,,,38.1202972,-82.689297,,,,"38Â° 7'13.07""N","82Â°41'21.47""W"
L15-1 CL,Heuchera longiflora var. longiflora,KY,longiflora,,2.26,2.02,2.14,214,Use whole sample,Vacuum centrifuge then add 25 uL,,,,Folk,L-15,,,,,38.1202972,-82.689297,,,,"38Â° 7'13.07""N","82Â°41'21.47""W"
L16-1,Heuchera longiflora var. longiflora,KY,longiflora,,5.74,7.54,6.64,664,75.30,Vacuum centrifuge then add 25 uL,,1/31/2020,,Folk,L-16,,,,,37.9456444,-82.868289,,,,"37Â°56'44.32""N","82Â°52'5.84""W"
L16-1 CL,Heuchera longiflora var. longiflora,KY,longiflora,,2.98,3.1,3.04,304,Use whole sample,Vacuum centrifuge then add 25 uL,,,,,,,,,,37.9456444,-82.868289,,,,,
L17-1,Heuchera longiflora var. longiflora,KY,longiflora,,15.2,16.1,15.65,1565,31.95,Vacuum centrifuge then add 25 uL,,1/31/2020,,Folk,L-17,,,,,37.5719167,-82.552183,,,,"37Â°34'18.90""N","82Â°33'7.86""W"
L17-1 CL,Heuchera longiflora var. longiflora,KY,longiflora,,3.25,3.11,3.18,318,Use whole sample,Vacuum centrifuge then add 25 uL,,,,Folk,L-17,,,,,37.5719167,-82.552183,,,,"37Â°34'18.90""N","82Â°33'7.86""W"
L17-2,Heuchera longiflora var. longiflora,KY,longiflora,,9.63,9.45,9.54,954,52.41,Vacuum centrifuge then add 25 uL,,1/31/2020,,Folk,L-17,,,,,37.5719167,-82.552183,,,,"37Â°34'18.90""N","82Â°33'7.86""W"
L18-1,Heuchera longiflora var. longiflora,KY,longiflora,,6.98,6.83,6.905,690.5,72.41,Vacuum centrifuge then add 25 uL,,1/31/2020,,Folk,L-18,,,,,37.4021167,-82.469044,,,,"37Â°24'7.62""N","82Â°28'8.56""W"
L18-1 CL,Heuchera longiflora var. longiflora,KY,longiflora,,3.64,3.54,3.59,359,Use whole sample,Vacuum centrifuge then add 25 uL,,,,Folk,L-18,,,,,37.4021167,-82.469044,,,,"37Â°24'7.62""N","82Â°28'8.56""W"
L18-2,Heuchera longiflora var. longiflora,KY,longiflora,,5.63,5.82,5.725,572.5,87.34,Vacuum centrifuge then add 25 uL,,1/31/2020,,Folk,L-18,,,,,37.4021167,-82.469044,,,,"37Â°24'7.62""N","82Â°28'8.56""W"
L19-1,Heuchera longiflora var. longiflora,KY,longiflora,,6.12,5.33,5.725,572.5,87.34,Vacuum centrifuge then add 25 uL,,1/31/2020,,,,,,,,37.1404389,-86.384603,,,,,
L19-1 CL,Heuchera longiflora var. longiflora,KY,longiflora,,2.29,2.16,2.225,222.5,Use whole sample,Vacuum centrifuge then add 25 uL,,,,,,,,,,37.1404389,-86.384603,,,,,
L2-1,Heuchera longiflora var. aceroides,NC,longiflora,,4.74,5.03,4.885,488.5,Use whole sample,Vacuum centrifuge then add 25 uL,,1/31/2020,,Folk,L-2,,,,,35.7844306,-82.871331,,,,"35Â°47'3.95""N","82Â°52'16.79""W"
L2-1 CL,Heuchera longiflora var. aceroides,NC,longiflora,,4.86,4.85,4.855,485.5,Use whole sample,Vacuum centrifuge then add 25 uL,,,,Folk,L-2,,,,,35.7844306,-82.871331,,,,"35Â°47'3.95""N","82Â°52'16.79""W"
L2-2,Heuchera longiflora var. aceroides,NC,longiflora,,9.62,9.62,9.62,962,51.98,Vacuum centrifuge then add 25 uL,,1/31/2020,,Folk,L-2,,,,,35.7844306,-82.871331,,,,"35Â°47'3.95""N","82Â°52'16.79""W"
L20-1,Heuchera longiflora var. longiflora,KY,longiflora,,5.46,5.52,5.49,549,91.07,Vacuum centrifuge then add 25 uL,,1/31/2020,,,,,,,,37.6304667,-83.770767,,,,,
L20-1 CL,Heuchera longiflora var. longiflora,KY,longiflora,,2.67,2.8,2.735,273.5,Use whole sample,Vacuum centrifuge then add 25 uL,,,,,,,,,,37.6304667,-83.770767,,,,,
L20-2,Heuchera longiflora var. longiflora,KY,longiflora,,2.8,2.84,2.82,282,Use whole sample,Vacuum centrifuge then add 25 uL,,1/31/2020,,,,,,,,37.6304667,-83.770767,,,,,
L21-1,Heuchera longiflora var. longiflora,KY,longiflora,,5.25,5.32,5.285,528.5,94.61,Vacuum centrifuge then add 25 uL,,1/31/2020,,Folk,L-21,,,,,36.9511944,-82.881661,,,,"36Â°57'4.30""N","82Â°52'53.98""W"
L21-1 CL,Heuchera longiflora var. longiflora,KY,longiflora,,2.3,2.34,2.32,232,Use whole sample,Vacuum centrifuge then add 25 uL,,,,Folk,L-21,,,,,36.9511944,-82.881661,,,,"36Â°57'4.30""N","82Â°52'53.98""W"
L22-1,Heuchera longiflora var. longiflora,KY,longiflora,,3.35,3.42,3.385,338.5,Use whole sample,Vacuum centrifuge then add 25 uL,,1/31/2020,,Folk,L-22,,,,,37.102275,-82.968672,,,,"37Â° 6'8.19""N","82Â°58'7.22""W"
L22-1 CL,Heuchera longiflora var. longiflora,KY,longiflora,,1.78,1.76,1.77,177,Use whole sample,Vacuum centrifuge then add 25 uL,,,,Folk,L-22,,,,,37.102275,-82.968672,,,,"37Â° 6'8.19""N","82Â°58'7.22""W"
L22-2,Heuchera longiflora var. longiflora,KY,longiflora,,5.44,6.28,5.86,586,85.32,Vacuum centrifuge then add 25 uL,,1/31/2020,,Folk,L-22,,,,,37.102275,-82.968672,,,,"37Â° 6'8.19""N","82Â°58'7.22""W"
L23-1,Heuchera longiflora var. longiflora,KY,longiflora,,6.83,7.22,7.025,702.5,71.17,Vacuum centrifuge then add 25 uL,,1/31/2020,,Folk,L-23,"Pike County, KY, USA",,,,37.3003111,-82.321778,,,,"37Â°18'1.12""N","82Â°19'18.40""W"
L23-3,Heuchera longiflora var. longiflora,KY,longiflora,,6.95,6.82,6.885,688.5,72.62,Vacuum centrifuge then add 25 uL,,1/31/2020,,Folk,L-23,"Pike County, KY, USA",,,,37.3003111,-82.321778,,,,"37Â°18'1.12""N","82Â°19'18.40""W"
L3-1,Heuchera longiflora var. aceroides,NC,longiflora,,4.08,4.08,4.08,408,Use whole sample,Vacuum centrifuge then add 25 uL,,1/31/2020,,Folk,L-3,,,,,35.92865,-82.750078,,,,"35Â°55'43.14""N","82Â°45'0.28""W"
L3-1 CL,Heuchera longiflora var. aceroides,NC,longiflora,,2.33,2.76,2.545,254.5,Use whole sample,Vacuum centrifuge then add 25 uL,,,,Folk,L-3,,,,,35.92865,-82.750078,,,,"35Â°55'43.14""N","82Â°45'0.28""W"
L3-2,Heuchera longiflora var. aceroides,NC,longiflora,,8.13,8.41,8.27,827,60.46,Vacuum centrifuge then add 25 uL,,1/31/2020,,Folk,L-3,,,,,35.92865,-82.750078,,,,"35Â°55'43.14""N","82Â°45'0.28""W"
L4-1,Heuchera longiflora var. aceroides,NC,longiflora,,2.92,2.69,2.805,280.5,Use whole sample,Vacuum centrifuge then add 25 uL,,1/31/2020,,Folk,L-4,,,,,35.9523583,-82.717192,,,,"35Â°57'8.49""N","82Â°43'1.89""W"
L4-1 CL,Heuchera longiflora var. aceroides,NC,longiflora,,1.68,1.64,1.66,166,Use whole sample,Vacuum centrifuge then add 25 uL,,,,Folk,L-4,,,,,35.9523583,-82.717192,,,,"35Â°57'8.49""N","82Â°43'1.89""W"
L4-2,Heuchera longiflora var. aceroides,NC,longiflora,,7.97,8.93,8.45,845,59.17,Vacuum centrifuge then add 25 uL,,1/31/2020,,Folk,L-4,,,,,35.9523583,-82.717192,,,,"35Â°57'8.49""N","82Â°43'1.89""W"
L5-1,Heuchera longiflora var. aceroides,NC,longiflora,,6.7,7.6,7.15,715,69.93,Vacuum centrifuge then add 25 uL,,1/31/2020,,Folk,L-5,,,,,35.9128861,-82.756719,,,,"35Â°54'46.39""N","82Â°45'24.19""W"
L5-1 CL,Heuchera longiflora var. aceroides,NC,longiflora,,3.78,3.8,3.79,379,Use whole sample,Vacuum centrifuge then add 25 uL,,,,Folk,L-5,,,,,35.9128861,-82.756719,,,,"35Â°54'46.39""N","82Â°45'24.19""W"
L6-1,Heuchera longiflora var. longiflora,VA,longiflora,,5.19,4.47,4.83,483,Use whole sample,Vacuum centrifuge then add 25 uL,,1/31/2020,,Folk,L-6,,,,,36.8558167,-82.747758,,,,"36Â°51'20.94""N","82Â°44'51.93""W"
L6-1 CL,Heuchera longiflora var. longiflora,VA,longiflora,,2.29,2.21,2.25,225,Use whole sample,Vacuum centrifuge then add 25 uL,,,,Folk,L-6,,,,,36.8558167,-82.747758,,,,"36Â°51'20.94""N","82Â°44'51.93""W"
L6-2,Heuchera longiflora var. longiflora,VA,longiflora,,4.38,4.3,4.34,434,Use whole sample,Vacuum centrifuge then add 25 uL,,1/31/2020,,,,,,,,36.8558167,-82.747758,,,,,
L7-1,Heuchera longiflora var. longiflora,VA,longiflora,,11,11.2,11.1,1110,45.05,Vacuum centrifuge then add 25 uL,,1/31/2020,,Folk,L-7,,,,,36.9235111,-82.451286,,,,"36Â°55'24.64""N","82Â°27'4.63""W"
L7-1 CL,Heuchera longiflora var. longiflora,VA,longiflora,,4.17,3.74,3.955,395.5,Use whole sample,Vacuum centrifuge then add 25 uL,,,,Folk,L-7,,,,,36.9235111,-82.451286,,,,"36Â°55'24.64""N","82Â°27'4.63""W"
L8-1,Heuchera longiflora var. longiflora,VA,longiflora,,5.19,5.12,5.155,515.5,96.99,Vacuum centrifuge then add 25 uL,,1/31/2020,,Folk,L-8,,,,,36.7041139,-82.777372,,,,"36Â°42'14.81""N","82Â°46'38.54""W"
L8-1 CL,Heuchera longiflora var. longiflora,VA,longiflora,,2.94,2.98,2.96,296,Use whole sample,Vacuum centrifuge then add 25 uL,,,,Folk,L-8,,,,,36.7041139,-82.777372,,,,"36Â°42'14.81""N","82Â°46'38.54""W"
L8-2,Heuchera longiflora var. longiflora,VA,longiflora,,3.15,3.1,3.125,312.5,Use whole sample,Vacuum centrifuge then add 25 uL,,1/31/2020,,,,,,,,36.7041139,-82.777372,,,,,
L9-1,Heuchera longiflora var. longiflora,VA,longiflora,,8.06,7.61,7.835,783.5,63.82,Vacuum centrifuge then add 25 uL,,1/31/2020,,Folk,L-9,,,,,37.1037417,-82.668386,,,,"37Â° 6'13.47""N","82Â°40'6.19""W"
L9-1 CL,Heuchera longiflora var. longiflora,VA,longiflora,,4.06,4.17,4.115,411.5,Use whole sample,Vacuum centrifuge then add 25 uL,,,,,,,,,,37.1037417,-82.668386,,,,,
L9-2,Heuchera longiflora var. longiflora,VA,longiflora,,8.27,8.14,8.205,820.5,60.94,Vacuum centrifuge then add 25 uL,,1/31/2020,,,,,,,,37.1037417,-82.668386,,,,,
H170:1,Heuchera parviflora var. parviflora,OH,parviflora,,2.48,2.55,2.515,2515,198.81,Vacuum centrifuge then add 25 uL,,2/3/2020,,,,,,,,38.6063889,-82.632222,,,,"38Â°36'23"" N","82Â°37'56"" W"
H170:2,Heuchera parviflora var. parviflora,OH,parviflora,,5.26,5.29,5.275,5275,94.79,Vacuum centrifuge then add 25 uL,,2/3/2020,,,,,,,,38.6063889,-82.632222,,,,"38Â°36'23"" N","82Â°37'56"" W"
H170:3,Heuchera parviflora var. parviflora,OH,parviflora,,4.13,4.5,4.315,4315,115.87,Vacuum centrifuge then add 25 uL,,2/3/2020,,,,,,,,38.6063889,-82.632222,,,,"38Â°36'23"" N","82Â°37'56"" W"
H171:1,Heuchera parviflora var. parviflora,OH,parviflora,,0.675,0.72,0.6975,697.5,716.85,Vacuum centrifuge then add 25 uL,,2/3/2020,Input 4 uL,Only added 400 -- gelatinous,,,,,,38.6052778,-82.628611,,,,"38Â°36'19"" N","82Â°37'43"" W"
H172:1,Heuchera missouriensis,IN,parviflora,,3.47,3.47,3.47,3470,144.09,Vacuum centrifuge then add 25 uL,,2/3/2020,,Folk,172,Between Tazwell and Mifflin,,,,38.27735,-86.538867,,,,38Â°16.641' N,86Â°32.332' W
H172:2,Heuchera missouriensis,IN,parviflora,,23.7,23.7,23.7,23700,21.10,3.90,,2/3/2020,,Folk,172,Between Tazwell and Mifflin,,,,38.27735,-86.538867,,,,38Â°16.641' N,86Â°32.332' W
H172:3,Heuchera missouriensis,IN,parviflora,,7.65,8.25,7.95,7950,62.89,Vacuum centrifuge then add 25 uL,,2/3/2020,,Folk,172,Between Tazwell and Mifflin,,,,38.27735,-86.538867,,,,38Â°16.641' N,86Â°32.332' W
H173:1,Heuchera missouriensis,IL,parviflora,,2.84,2.86,2.85,2850,175.44,Vacuum centrifuge then add 25 uL,,2/3/2020,,Folk,173,"0.25 from parking area along trail through Round Bluff Nature Preserve, Ferne Clyffe State Park",,,,37.5316833,-88.978983,,,,"37Â°31.901"" N","88Â°58.739"" W"
H173:2,Heuchera missouriensis,IL,parviflora,,3.66,3.3,3.48,3480,143.68,Vacuum centrifuge then add 25 uL,,2/3/2020,,Folk,173,"0.25 from parking area along trail through Round Bluff Nature Preserve, Ferne Clyffe State Park",,,,37.5316833,-88.978983,,,,"37Â°31.901"" N","88Â°58.739"" W"
H174:1,Heuchera missouriensis,IL,parviflora,,8.39,9.11,8.75,8750,57.14,Vacuum centrifuge then add 25 uL,,2/3/2020,,Folk ,174,"Boat Rock Picnic Area, on ""Boat Rock,"" Ferne Clyffe State Park",,,,37.5422,-88.98095,,,,"37Â°32.532"" N","88Â°58.857"" W"
H174:2,Heuchera missouriensis,IL,parviflora,,1.78,1.85,1.815,1815,275.48,Vacuum centrifuge then add 25 uL,,2/3/2020,,Folk ,174,"Boat Rock Picnic Area, on ""Boat Rock,"" Ferne Clyffe State Park",,,,37.5422,-88.98095,,,,"37Â°32.532"" N","88Â°58.857"" W"
H175:1,Heuchera missouriensis,IL,parviflora,,1.86,1.83,1.845,1845,271.00,Vacuum centrifuge then add 25 uL,,2/3/2020,,Folk,175,"Rockhouse above Stonefort Road, Giant City State Park",,,,37.62245,-89.19665,,,,"37Â°37.347"" N","89Â°11.799"" W"
H175:2,Heuchera missouriensis,IL,parviflora,,5.86,5.89,5.875,5875,85.11,Vacuum centrifuge then add 25 uL,,2/3/2020,,Folk,175,"Rockhouse above Stonefort Road, Giant City State Park",,,,37.62245,-89.19665,,,,"37Â°37.347"" N","89Â°11.799"" W"
H176:1,Heuchera missouriensis,IL,parviflora,,5.76,6.66,6.21,6210,80.52,Vacuum centrifuge then add 25 uL,,2/3/2020,,Folk,176,"Bluffs directly above parking lot for Fern Rocks Nature Preserve, Giant City State Park",,,,37.625,-89.203433,,,,"37Â°37.500"" N","89Â°12.206"" W"
H176:2,Heuchera missouriensis,IL,parviflora,,8.29,8,8.145,8145,61.39,Vacuum centrifuge then add 25 uL,,2/3/2020,,Folk,176,"Bluffs directly above parking lot for Fern Rocks Nature Preserve, Giant City State Park",,,,37.625,-89.203433,,,,"37Â°37.500"" N","89Â°12.206"" W"
H176:3,Heuchera missouriensis,IL,parviflora,,7.89,7.74,7.815,7815,63.98,Vacuum centrifuge then add 25 uL,,2/3/2020,,Folk,176,"Bluffs directly above parking lot for Fern Rocks Nature Preserve, Giant City State Park",,,,37.625,-89.203433,,,,"37Â°37.500"" N","89Â°12.206"" W"
H178:1,Heuchera missouriensis,IL,parviflora,,3.39,3.55,3.47,3470,144.09,Vacuum centrifuge then add 25 uL,,2/3/2020,,Folk,178,"Rim Rock Trail, at bottom of stairs leading to cliff bottoms, Shawnee National Forest",,,,37.6024,-88.278117,,,,"37Â°36.144"" N","88Â°16.687"" W"
H178:2,Heuchera missouriensis,IL,parviflora,,6.13,6.07,6.1,6100,81.97,Vacuum centrifuge then add 25 uL,,2/3/2020,,Folk,178,"Rim Rock Trail, at bottom of stairs leading to cliff bottoms, Shawnee National Forest",,,,37.6024,-88.278117,,,,"37Â°36.144"" N","88Â°16.687"" W"
H178:3,Heuchera missouriensis,IL,parviflora,,9.36,8.62,8.99,8990,55.62,Vacuum centrifuge then add 25 uL,,2/3/2020,,Folk,178,"Rim Rock Trail, at bottom of stairs leading to cliff bottoms, Shawnee National Forest",,,,37.6024,-88.278117,,,,"37Â°36.144"" N","88Â°16.687"" W"
H179:1,Heuchera missouriensis,IL,parviflora,,5.06,4.98,5.02,5020,99.60,Vacuum centrifuge then add 25 uL,,2/3/2020,,Folk,179,"Last bluff along road to parking for Garden of the Gods, Shawnee National Forest",,,,37.60485,-88.384667,,,,"37Â°36.291"" N","88Â°23.080"" W"
H179:2,Heuchera missouriensis,IL,parviflora,,3.87,4.09,3.98,3980,125.63,Vacuum centrifuge then add 25 uL,,2/3/2020,,Folk,179,"Last bluff along road to parking for Garden of the Gods, Shawnee National Forest",,,,37.60485,-88.384667,,,,"37Â°36.291"" N","88Â°23.080"" W"
H180:1,Heuchera missouriensis,IL,parviflora,,2.24,2.32,2.28,2280,219.30,Vacuum centrifuge then add 25 uL,,2/3/2020,,Folk,180,"Bell Smith Springs, at base of stairs leading to cliff bottoms, Shawnee National Forest",,,,37.5186833,-88.656117,,,,"37Â°31.121"" N","88Â°39.367"" W"
H180:2,Heuchera missouriensis,IL,parviflora,,4.12,4.18,4.15,4150,120.48,Vacuum centrifuge then add 25 uL,,2/3/2020,,Folk,180,"Bell Smith Springs, at base of stairs leading to cliff bottoms, Shawnee National Forest",,,,37.5186833,-88.656117,,,,"37Â°31.121"" N","88Â°39.367"" W"
H181:1,Heuchera puberula,MO,parviflora,,3.87,3.78,3.825,3825,130.72,Vacuum centrifuge then add 25 uL,,2/3/2020,,,,,,,,36.9507167,-90.992283,,,,"36Â°57.043"" N","90Â°59.537"" W"
H182:1,Heuchera puberula,MO,parviflora,,2.99,2.96,2.975,2975,168.07,Vacuum centrifuge then add 25 uL,,2/3/2020,,,,,,,,37.15075,-91.440317,,,,"37Â°09.045"" N","91.26.419"" W"
H182:2,Heuchera puberula,MO,parviflora,,14.8,14.6,14.7,14700,34.01,Vacuum centrifuge then add 25 uL,,2/3/2020,,,,,,,,37.15075,-91.440317,,,,"37Â°09.045"" N","91.26.419"" W"
H183:1,Heuchera puberula,MO,parviflora,,7.68,7.77,7.725,7725,64.72,Vacuum centrifuge then add 25 uL,,2/3/2020,,,,,,,,37.2808,-91.4137,,,,37Â°16.848'N,91Â°24.822'W
H183:2,Heuchera puberula,MO,parviflora,,9.17,8.32,8.745,8745,57.18,Vacuum centrifuge then add 25 uL,,2/3/2020,,,,,,,,37.2808,-91.4137,,,,37Â°16.848'N,91Â°24.822'W
H184:1,Heuchera puberula,MO,parviflora,,4.03,3.91,3.97,3970,125.94,Vacuum centrifuge then add 25 uL,,2/3/2020,,Folk,184,"Greer Spring, bottom of stairs to creek-side",,,,36.77975,-91.345883,,,,36Â°46.785'N,91Â°20.753'W
H184:2,Heuchera puberula,MO,parviflora,,17.9,18.7,18.3,18300,27.32,Vacuum centrifuge then add 25 uL,,2/3/2020,,Folk,184,"Greer Spring, bottom of stairs to creek-side",,,,36.77975,-91.345883,,,,36Â°46.785'N,91Â°20.753'W
H185:1,Heuchera puberula,MO,parviflora,,2.53,2.62,2.575,2575,194.17,Vacuum centrifuge then add 25 uL,,2/3/2020,,Folk,185,Cliffs above source of spring at Turner Mill,,,,36.7660167,-91.267217,,,,36Â°45.961'N,91.16.033'W
H185:2,Heuchera puberula,MO,parviflora,,3.71,3.65,3.68,3680,135.87,Vacuum centrifuge then add 25 uL,,2/3/2020,,Folk,185,Cliffs above source of spring at Turner Mill,,,,36.7660167,-91.267217,,,,36Â°45.961'N,91.16.033'W
H186:1,Heuchera puberula,MO,parviflora,,5.25,5.24,5.245,5245,95.33,Vacuum centrifuge then add 25 uL,,2/3/2020,,Folk,186,Outcrop on side of SR AP just north of Noblett Lake,,,,36.9236167,-92.096333,,,,36Â°55.417'N,92Â°05.780'W
H186:2,Heuchera puberula,MO,parviflora,,5.21,5.12,5.165,5165,96.81,Vacuum centrifuge then add 25 uL,,2/3/2020,,Folk,186,Outcrop on side of SR AP just north of Noblett Lake,,,,36.9236167,-92.096333,,,,36Â°55.417'N,92Â°05.780'W
H187:1,Heuchera puberula,MO,parviflora,,2.28,2.19,2.235,2235,223.71,Vacuum centrifuge then add 25 uL,,2/3/2020,,,,,,,,36.90765,-92.07955,,,,36Â°54.459'N,92Â°04.773'W
H187:2,Heuchera puberula,MO,parviflora,,4.34,4.35,4.345,4345,115.07,Vacuum centrifuge then add 25 uL,,2/3/2020,,,,,,,,36.90765,-92.07955,,,,36Â°54.459'N,92Â°04.773'W
H187:3,Heuchera puberula,MO,parviflora,,20.9,20.4,20.65,20650,24.21,0.79,,2/3/2020,,,,,,,,36.90765,-92.07955,,,,36Â°54.459'N,92Â°04.773'W
H188:1,Heuchera puberula,MO,parviflora,,3.15,3.1,3.125,3125,160.00,Vacuum centrifuge then add 25 uL,,2/3/2020,,Folk,188,"Cliff along parking lot, Mineral Springs Fishing Access",,,,37.3628833,-91.9693,,,,37Â°21.773'N,91Â°58.158'W
H188:2,Heuchera puberula,MO,parviflora,,4.93,4.72,4.825,4825,103.63,Vacuum centrifuge then add 25 uL,,2/3/2020,,Folk,188,"Cliff along parking lot, Mineral Springs Fishing Access",,,,37.3628833,-91.9693,,,,37Â°21.773'N,91Â°58.158'W
H188:3,Heuchera puberula,MO,parviflora,,6.33,5.99,6.16,6160,81.17,Vacuum centrifuge then add 25 uL,,2/3/2020,,Folk,188,"Cliff along parking lot, Mineral Springs Fishing Access",,,,37.3628833,-91.9693,,,,37Â°21.773'N,91Â°58.158'W
H189:1,Heuchera puberula,AR,parviflora,,3.86,3.77,3.815,3815,131.06,Vacuum centrifuge then add 25 uL,,2/3/2020,,Folk ,189,Cliffs beside picnic area at Blanchard Springs Recreation Area,,,,35.9692167,-92.173517,,,,35Â°58.153'N,92Â°10.411'W
H189:2,Heuchera puberula,AR,parviflora,,4.76,5.03,4.895,4895,102.15,Vacuum centrifuge then add 25 uL,,2/3/2020,,Folk ,189,Cliffs beside picnic area at Blanchard Springs Recreation Area,,,,35.9692167,-92.173517,,,,35Â°58.153'N,92Â°10.411'W
H190:1,Heuchera puberula,AR,parviflora,,5.68,5.48,5.58,5580,89.61,Vacuum centrifuge then add 25 uL,,2/3/2020,,,,,,,,35.9588333,-92.175433,,,,35Â°57.530'N,92Â°10.526'W
H190:2,Heuchera puberula,AR,parviflora,,8.17,8.07,8.12,8120,61.58,Vacuum centrifuge then add 25 uL,,2/3/2020,,,,,,,,35.9588333,-92.175433,,,,35Â°57.530'N,92Â°10.526'W
H191:1,Heuchera puberula,AR,parviflora,,1.98,1.94,1.96,1960,255.10,Vacuum centrifuge then add 25 uL,,2/3/2020,,,,,,,,35.9860833,-92.47925,,,,35Â°59.165'N,92Â°28.755'W
H191:2,Heuchera puberula,AR,parviflora,,10,10.3,10.15,10150,49.26,Vacuum centrifuge then add 25 uL,,2/3/2020,,,,,,,,35.9860833,-92.47925,,,,35Â°59.165'N,92Â°28.755'W
H191:3,Heuchera puberula,AR,parviflora,,10.2,9.83,10.015,10015,49.93,Vacuum centrifuge then add 25 uL,,2/3/2020,,,,,,,,35.9860833,-92.47925,,,,35Â°59.165'N,92Â°28.755'W
H195:1,Heuchera parviflora var. parviflora,KY,parviflora,,3.83,3.39,3.61,3610,138.50,Vacuum centrifuge then add 25 uL,,2/3/2020,,Folk,195,"Undercut around waterfall, turnoff along Hwy 715, Daniel Boone National Forest",,,,37.8306094,-83.60224,,,,37Â°49'50.194'N,83Â°36'08.063'W
H195:2,Heuchera parviflora var. parviflora,KY,parviflora,,29.9,28.8,29.35,29350,17.04,7.96,,2/3/2020,,Folk,195,"Undercut around waterfall, turnoff along Hwy 715, Daniel Boone National Forest",,,,37.8306094,-83.60224,,,,37Â°49'50.194'N,83Â°36'08.063'W
H196:1,Heuchera parviflora var. parviflora,KY,parviflora,,13.5,13.4,13.45,13450,37.17,Vacuum centrifuge then add 25 uL,,2/3/2020,,Folk,196,"Rockhouse on Rough Trail (#221) near Rock Bridge, Daniel Boone National Forest",,,,37.8018731,-83.590921,,,,37Â°48'06.743'N,83Â°35'27.314'W
H197:1,Heuchera parviflora var. parviflora,KY,parviflora,,5.42,5.29,5.355,5355,93.37,Vacuum centrifuge then add 25 uL,,2/3/2020,,,,,,,,37.7702083,-83.566961,,,,37Â°46'12.750'N,83Â°34'01.059'W
H197:2,Heuchera parviflora var. parviflora,KY,parviflora,,4.76,4.42,4.59,4590,108.93,Vacuum centrifuge then add 25 uL,,2/3/2020,,,,,,,,37.7702083,-83.566961,,,,37Â°46'12.750'N,83Â°34'01.059'W
H198:1,Heuchera parviflora var. parviflora,KY,parviflora,,1.35,1.3,1.325,1325,377.36,Vacuum centrifuge then add 25 uL,,2/3/2020,,Folk,198,"Rockhouse above Gray's Arch trail, 0.25 mi past the arch, Daniel Boone National Forest",,,,37.8081556,-83.657641,,,,37Â°48'29.360'N,83Â°39'27.509'W
H198:2,Heuchera parviflora var. parviflora,KY,parviflora,,19,18.4,18.7,18700,26.74,Vacuum centrifuge then add 25 uL,,2/3/2020,,Folk,198,"Rockhouse above Gray's Arch trail, 0.25 mi past the arch, Daniel Boone National Forest",,,,37.8081556,-83.657641,,,,37Â°48'29.360'N,83Â°39'27.509'W
H199:1,Heuchera parviflora var. parviflora,KY,parviflora,,4.53,4.43,4.48,4480,111.61,Vacuum centrifuge then add 25 uL,,2/3/2020,,Folk,199,"Trail to East Pinnacle, 0.25 mi short of the end, Berea College Forest",,,,37.5541167,-84.241671,,,,37Â°33'14.820'N,84Â°14'30.017'W
H199:2,Heuchera parviflora var. parviflora,KY,parviflora,,7.52,6.94,7.23,7230,69.16,Vacuum centrifuge then add 25 uL,,2/3/2020,,Folk,199,"Trail to East Pinnacle, 0.25 mi short of the end, Berea College Forest",,,,37.5541167,-84.241671,,,,37Â°33'14.820'N,84Â°14'30.017'W
H200:1,Heuchera parviflora var. parviflora,KY,parviflora,,4.8,4.63,4.715,4715,106.04,Vacuum centrifuge then add 25 uL,,2/3/2020,,Folk,200,Rockhouse beside Anglin Falls,,,,37.4933508,-84.22659,,,,37Â°29'36.063'N,"84Â°13'35.723""W"
H200:2,Heuchera parviflora var. parviflora,KY,parviflora,,24.2,24.2,24.2,24200,20.66,4.34,,2/3/2020,,Folk,200,Rockhouse beside Anglin Falls,,,,37.4933508,-84.22659,,,,37Â°29'36.063'N,"84Â°13'35.723""W"
H200:3,Heuchera parviflora var. parviflora,KY,parviflora,,22.9,23,22.95,22950,21.79,3.21,,2/3/2020,,Folk,200,Rockhouse beside Anglin Falls,,,,37.4933508,-84.22659,,,,37Â°29'36.063'N,"84Â°13'35.723""W"
H201:1,Heuchera parviflora var. parviflora,KY,parviflora,,7.65,7.5,7.575,7575,66.01,Vacuum centrifuge then add 25 uL,,2/3/2020,,Folk,201,"Rockhouse 0.25 mi along trail to Box Canyon, Carter Caves State Park",,,,38.3556319,-83.111851,,,,38Â°21'20.275'N,83Â°6'42.665'W
H201:2,Heuchera parviflora var. parviflora,KY,parviflora,,57,59.7,58.35,58350,8.57,16.43,,2/3/2020,,Folk,201,"Rockhouse 0.25 mi along trail to Box Canyon, Carter Caves State Park",,,,38.3556319,-83.111851,,,,38Â°21'20.275'N,83Â°6'42.665'W
H201:3,Heuchera parviflora var. parviflora,KY,parviflora,,59.3,55.5,57.4,57400,8.71,16.29,,2/3/2020,,Folk,201,"Rockhouse 0.25 mi along trail to Box Canyon, Carter Caves State Park",,,,38.3556319,-83.111851,,,,38Â°21'20.275'N,83Â°6'42.665'W
H203:1,Heuchera parviflora var. parviflora,KY,parviflora,,7.81,7.17,7.49,7490,66.76,Vacuum centrifuge then add 25 uL,,2/3/2020,,Folk,203,"0.1 mi downstream of falls along visitor's center trail, Cumberland Falls State Park",,,,36.8372639,-84.343222,,,,36Â°50'14.150'N,84Â°20'35.599'W
H203:2,Heuchera parviflora var. parviflora,KY,parviflora,,8.92,8.52,8.72,8720,57.34,Vacuum centrifuge then add 25 uL,,2/3/2020,,Folk,203,"0.1 mi downstream of falls along visitor's center trail, Cumberland Falls State Park",,,,36.8372639,-84.343222,,,,36Â°50'14.150'N,84Â°20'35.599'W
H204:1,Heuchera parviflora var. parviflora,KY,parviflora,,5.26,5,5.13,5130,97.47,Vacuum centrifuge then add 25 uL,,2/3/2020,,Folk,204,"Honeymoon Falls Trail, 0.25 mi from road, Pine Mountain State Park",,,,36.7379806,-83.74075,,,,36Â°44'16.730'N,83Â°44'26.700'W
H204:2,Heuchera parviflora var. parviflora,KY,parviflora,,5.28,4.92,5.1,5100,98.04,Vacuum centrifuge then add 25 uL,,2/3/2020,,Folk,204,"Honeymoon Falls Trail, 0.25 mi from road, Pine Mountain State Park",,,,36.7379806,-83.74075,,,,36Â°44'16.730'N,83Â°44'26.700'W
H205:1,Heuchera parviflora var. parviflora,TN,parviflora,,5.16,5.37,5.265,5265,94.97,Vacuum centrifuge then add 25 uL,,2/3/2020,,Folk,205,"Rockhouse below Store 14 Rd near intersection with Tar Kiln Road, Pickett State Forest",,,,36.5810922,-84.833408,,,,36Â°34'51.932'N,84Â°50'00.269'W
H205:2,Heuchera parviflora var. parviflora,TN,parviflora,,17,15.9,16.45,16450,30.40,Vacuum centrifuge then add 25 uL,,2/3/2020,,Folk,205,"Rockhouse below Store 14 Rd near intersection with Tar Kiln Road, Pickett State Forest",,,,36.5810922,-84.833408,,,,36Â°34'51.932'N,84Â°50'00.269'W
H206:1,Heuchera parviflora var. parviflora,TN,parviflora,,5.7,5.57,5.635,5635,88.73,Vacuum centrifuge then add 25 uL,,2/3/2020,,Folk,206,"Beside Natural Bridge, Pickett State Park",,,,36.5451947,-84.797559,,,,36Â°32'42.701'N,84Â°47'51.212'W
H206:2,Heuchera parviflora var. parviflora,TN,parviflora,,4.7,4.61,4.655,4655,107.41,Vacuum centrifuge then add 25 uL,,2/3/2020,,Folk,206,"Beside Natural Bridge, Pickett State Park",,,,36.5451947,-84.797559,,,,36Â°32'42.701'N,84Â°47'51.212'W
H207:1,Heuchera parviflora var. parviflora,TN,parviflora,,7.63,7.41,7.52,7520,66.49,Vacuum centrifuge then add 25 uL,,2/3/2020,,Folk,207,"Roadside rockhouse, along Hwy 52 just W of Roadside Table, W of Jamestown",,,,36.4414822,-84.961229,,,,36Â°26'29.336'N,84Â°57'40.423'W
H207:2,Heuchera parviflora var. parviflora,TN,parviflora,,9.94,10.2,10.07,10070,49.65,Vacuum centrifuge then add 25 uL,,2/3/2020,,Folk,207,"Roadside rockhouse, along Hwy 52 just W of Roadside Table, W of Jamestown",,,,36.4414822,-84.961229,,,,36Â°26'29.336'N,84Â°57'40.423'W
H207:3,Heuchera parviflora var. parviflora,TN,parviflora,,17.5,16.6,17.05,17050,29.33,Vacuum centrifuge then add 25 uL,,2/3/2020,,Folk,207,"Roadside rockhouse, along Hwy 52 just W of Roadside Table, W of Jamestown",,,,36.4414822,-84.961229,,,,36Â°26'29.336'N,84Â°57'40.423'W
H208:1,Heuchera parviflora var. parviflora,TN,parviflora,,16.1,16.5,16.3,16300,30.67,Vacuum centrifuge then add 25 uL,,2/3/2020,,Folk,208,"Rockhouse along trail to Ozone Falls, just below Hwy 70",,,,35.8815894,-84.810044,,,,35Â°52'53.722'N,84Â°48'36.157'W
H208:2,Heuchera parviflora var. parviflora,TN,parviflora,,23.9,20.2,22.05,22050,22.68,2.32,,2/3/2020,,Folk,208,"Rockhouse along trail to Ozone Falls, just below Hwy 70",,,,35.8815894,-84.810044,,,,35Â°52'53.722'N,84Â°48'36.157'W
H208:3,Heuchera parviflora var. parviflora,TN,parviflora,,21,19.9,20.45,20450,24.45,0.55,,2/3/2020,,Folk,208,"Rockhouse along trail to Ozone Falls, just below Hwy 70",,,,35.8815894,-84.810044,,,,35Â°52'53.722'N,84Â°48'36.157'W
H208:4,Heuchera parviflora var. parviflora,TN,parviflora,,16,15.4,15.7,15700,31.85,Vacuum centrifuge then add 25 uL,,2/3/2020,,Folk,208,"Rockhouse along trail to Ozone Falls, just below Hwy 70",,,,35.8815894,-84.810044,,,,35Â°52'53.722'N,84Â°48'36.157'W
H209:1,Heuchera missouriensis,TN,parviflora,,5.25,4.88,5.065,5065,98.72,Vacuum centrifuge then add 25 uL,,2/3/2020,,Folk,209,"Along trail to Upper Piney Falls bottom, in the first rockhouses as the trail delves into the falls canyon",,,,35.7275286,-84.855777,,,,35Â°43'39.103'N,84Â°51'20.797'W
H209:2,Heuchera missouriensis,TN,parviflora,,4.6,4.4,4.5,4500,111.11,Vacuum centrifuge then add 25 uL,,2/3/2020,,Folk,209,"Along trail to Upper Piney Falls bottom, in the first rockhouses as the trail delves into the falls canyon",,,,35.7275286,-84.855777,,,,35Â°43'39.103'N,84Â°51'20.797'W
H209:3,Heuchera missouriensis,TN,parviflora,,28.5,27.3,27.9,27900,17.92,7.08,,2/3/2020,,Folk,209,"Along trail to Upper Piney Falls bottom, in the first rockhouses as the trail delves into the falls canyon",,,,35.7275286,-84.855777,,,,35Â°43'39.103'N,84Â°51'20.797'W
H209:4,Heuchera missouriensis,TN,parviflora,,5.96,5.61,5.785,5785,86.43,Vacuum centrifuge then add 25 uL,,2/3/2020,,Folk,209,"Along trail to Upper Piney Falls bottom, in the first rockhouses as the trail delves into the falls canyon",,,,35.7275286,-84.855777,,,,35Â°43'39.103'N,84Â°51'20.797'W
H210:1,Heuchera missouriensis,TN,parviflora,,9.15,8.52,8.835,8835,56.59,Vacuum centrifuge then add 25 uL,,2/3/2020,,Folk,210,"Side of Snoopers Rock, Prentice Cooper State Forest",,,,35.1016522,-85.429128,,,,35Â°06'05.948'N,85Â°25'44.859'W
H210:2,Heuchera missouriensis,TN,parviflora,,17.6,16.6,17.1,17100,29.24,Vacuum centrifuge then add 25 uL,,2/3/2020,,Folk,210,"Side of Snoopers Rock, Prentice Cooper State Forest",,,,35.1016522,-85.429128,,,,35Â°06'05.948'N,85Â°25'44.859'W
H211:1,Heuchera missouriensis,TN,parviflora,,8.54,8.16,8.35,8350,59.88,Vacuum centrifuge then add 25 uL,,2/3/2020,,Folk ,211,Foster Falls trail 0.75 mi past Foster Falls from parking area,,,,35.1825294,-85.673918,,,,35Â°10'57.106'N,85Â°40'26.106'W
H211:2,Heuchera missouriensis,TN,parviflora,,4.85,4.61,4.73,4730,105.71,Vacuum centrifuge then add 25 uL,,2/3/2020,,Folk ,211,Foster Falls trail 0.75 mi past Foster Falls from parking area,,,,35.1825294,-85.673918,,,,35Â°10'57.106'N,85Â°40'26.106'W
H212:1,Heuchera parviflora var. parviflora,TN,parviflora,,24.2,22.4,23.3,23300,21.46,3.54,,2/3/2020,,Folk ,212,"Fiery Gizzard Trail, rockhouse immediately below Grundy State Forest parking area",,,,35.2517336,-85.747382,,,,35Â°15'06.241'N,85Â°44'50.575'W
H212:2,Heuchera parviflora var. parviflora,TN,parviflora,,17.6,16,16.8,16800,29.76,Vacuum centrifuge then add 25 uL,,2/3/2020,,Folk ,212,"Fiery Gizzard Trail, rockhouse immediately below Grundy State Forest parking area",,,,35.2517336,-85.747382,,,,35Â°15'06.241'N,85Â°44'50.575'W
H213:1,Heuchera missouriensis,TN,parviflora,,5.24,4.79,5.015,5015,99.70,Vacuum centrifuge then add 25 uL,,2/3/2020,,Folk,213,Sewanee Natural Bridge Trail 0.1 mi past bridge along trail from the parking area,,,,35.1537725,-85.921924,,,,35Â°09'13.581'N,85Â°55'18.928'W
H213:2,Heuchera missouriensis,TN,parviflora,,5.02,4.8,4.91,4910,101.83,Vacuum centrifuge then add 25 uL,,1/31/2020,,Folk,213,Sewanee Natural Bridge Trail 0.1 mi past bridge along trail from the parking area,,,,35.1537725,-85.921924,,,,35Â°09'13.581'N,85Â°55'18.928'W
H213:3,Heuchera missouriensis,TN,parviflora,,39,37.6,38.3,38300,13.05,11.95,,1/31/2020,,Folk,213,Sewanee Natural Bridge Trail 0.1 mi past bridge along trail from the parking area,,,,35.1537725,-85.921924,,,,35Â°09'13.581'N,85Â°55'18.928'W
H215:1,Heuchera parviflora var. parviflora,KY,parviflora,,14.6,14,14.3,14300,34.97,Vacuum centrifuge then add 25 uL,,1/31/2020,,Folk,215,"First sandstone bluff above Knobby Rock Trail from parking area, Blanton Woods",,,,35.8622667,-82.846424,,,,35Â°51'44.160'N,82Â°50'47.127'W
H215:2,Heuchera parviflora var. parviflora,KY,parviflora,,4.2,3.92,4.06,4060,123.15,Vacuum centrifuge then add 25 uL,,1/31/2020,,Folk,215,"First sandstone bluff above Knobby Rock Trail from parking area, Blanton Woods",,,,35.8622667,-82.846424,,,,35Â°51'44.160'N,82Â°50'47.127'W
H215:3,Heuchera parviflora var. parviflora,KY,parviflora,,4.06,3.84,3.95,3950,126.58,Vacuum centrifuge then add 25 uL,,1/31/2020,,Folk,215,"First sandstone bluff above Knobby Rock Trail from parking area, Blanton Woods",,,,35.8622667,-82.846424,,,,35Â°51'44.160'N,82Â°50'47.127'W
H217:1,Heuchera missouriensis,AL,parviflora,,3.04,3.02,3.03,3030,165.02,Vacuum centrifuge then add 25 uL,,1/31/2020,,Folk,217,Rockhouse near Black Creek Falls,,,,34.041468,-86.02128,,,,,
H217:2,Heuchera missouriensis,AL,parviflora,,6.47,6.11,6.29,6290,79.49,Vacuum centrifuge then add 25 uL,,1/31/2020,,Folk,217,Rockhouse near Black Creek Falls,,,,34.041468,-86.02128,,,,,
H217:3,Heuchera missouriensis,AL,parviflora,,18.2,17.6,17.9,17900,27.93,Vacuum centrifuge then add 25 uL,,2/3/2020,,Folk,217,Rockhouse near Black Creek Falls,,,,34.041468,-86.02128,,,,,
H218:1,Heuchera missouriensis,AL,parviflora,,4.57,4.34,4.455,4455,112.23,Vacuum centrifuge then add 25 uL,,2/3/2020,,,,,,,,34.395067,-85.626911,,,,,
H219:1,Heuchera missouriensis,AL,parviflora,,8.68,8.05,8.365,8365,59.77,Vacuum centrifuge then add 25 uL,,2/3/2020,,Folk,219,Roadside bluff along road 0.1 mi upstream of Swann Covered Bridge,,,,33.9979331,-86.601553,,,,33Â°59'52.559'N,86Â°36'05.589'W
H219:2,Heuchera missouriensis,AL,parviflora,,19.8,18.6,19.2,19200,26.04,Vacuum centrifuge then add 25 uL,,1/31/2020,,Folk,219,Roadside bluff along road 0.1 mi upstream of Swann Covered Bridge,,,,33.9979331,-86.601553,,,,33Â°59'52.559'N,86Â°36'05.589'W
H220:1,Heuchera missouriensis,AL,parviflora,,5.91,5.44,5.675,5675,88.11,Vacuum centrifuge then add 25 uL,,2/3/2020,,Folk,220,Rockhouse along CR 60 near Sispey River Picnic Area,,,,34.2855342,-87.398618,,,,34Â°17'07.923'N,87Â°23'55.024'W
H220:2,Heuchera missouriensis,AL,parviflora,,8.64,8.13,8.385,8385,59.63,Vacuum centrifuge then add 25 uL,,1/31/2020,,Folk,220,Rockhouse along CR 60 near Sispey River Picnic Area,,,,34.2855342,-87.398618,,,,34Â°17'07.923'N,87Â°23'55.024'W
H221:1,Heuchera missouriensis,AL,parviflora,,5.88,5.61,5.745,5745,87.03,Vacuum centrifuge then add 25 uL,,1/31/2020,,Folk ,221,Rockhouse along CR 3 0.25 mi short of dead end,,,,34.3408219,-87.47452,,,,34Â°20'26.959'N,87Â°28'28.271'W
H221:2,Heuchera missouriensis,AL,parviflora,,15.6,15.2,15.4,15400,32.47,Vacuum centrifuge then add 25 uL,,1/31/2020,,Folk ,221,Rockhouse along CR 3 0.25 mi short of dead end,,,,34.3408219,-87.47452,,,,34Â°20'26.959'N,87Â°28'28.271'W
H221:3,Heuchera missouriensis,AL,parviflora,,16,15.3,15.65,15650,31.95,Vacuum centrifuge then add 25 uL,,2/3/2020,,Folk ,221,Rockhouse along CR 3 0.25 mi short of dead end,,,,34.3408219,-87.47452,,,,34Â°20'26.959'N,87Â°28'28.271'W
H222:1,Heuchera puberula,AR,parviflora,,19.8,18.7,19.25,19250,25.97,Vacuum centrifuge then add 25 uL,,2/3/2020,,,,,,,,36.0060614,-92.046855,,,,36Â°00'21.821'N,92Â°2'48.679'W
H222:2,Heuchera puberula,AR,parviflora,,33,31.4,32.2,32200,15.53,9.47,,2/3/2020,,,,,,,,36.0060614,-92.046855,,,,36Â°00'21.821'N,92Â°2'48.679'W
H223:1,Heuchera puberula,AR,parviflora,,21.6,19.3,20.45,20450,24.45,0.55,,2/3/2020,,Folk ,223,"1/3 mi downstream of Gunner Pool Road's bridge over Sylamore Creek, Gunner Pool Recreation Area",,,,35.9963178,-92.213088,,,,35Â°59'46.744'N,92Â°12'47.118W
H223:2,Heuchera puberula,AR,parviflora,,22.6,20.7,21.65,21650,23.09,1.91,,2/5/2020,,Folk ,223,"1/3 mi downstream of Gunner Pool Road's bridge over Sylamore Creek, Gunner Pool Recreation Area",,,,35.9963178,-92.213088,,,,35Â°59'46.744'N,92Â°12'47.118W
H224:1,Heuchera puberula,AR,parviflora,,5.55,5.1,5.325,5325,93.90,Vacuum centrifuge then add 25 uL,,2/5/2020,,,,,,,,36.1389981,-92.31618,,,,36Â°08'20.393'N,92Â°18'58.248'W
H224:2,Heuchera puberula,AR,parviflora,,18.3,16.5,17.4,17400,28.74,Vacuum centrifuge then add 25 uL,,2/5/2020,,,,,,,,36.1389981,-92.31618,,,,36Â°08'20.393'N,92Â°18'58.248'W
H224:3,Heuchera puberula,AR,parviflora,,17.1,16,16.55,16550,30.21,Vacuum centrifuge then add 25 uL,,2/5/2020,,,,,,,,36.1389981,-92.31618,,,,36Â°08'20.393'N,92Â°18'58.248'W
H225:1,Heuchera missouriensis,KY,parviflora,,3.18,2.97,3.075,3075,162.60,Vacuum centrifuge then add 25 uL,,2/5/2020,,Folk,225,Foster Falls trail 0.75 mi past Foster Falls from parking area,,,,37.1462231,-87.752115,,,,37Â°08'46.403'N,87Â°45'07.614'W
H225:2,Heuchera missouriensis,KY,parviflora,,6.9,6.51,6.705,6705,74.57,Vacuum centrifuge then add 25 uL,,2/5/2020,,Folk,225,Foster Falls trail 0.75 mi past Foster Falls from parking area,,,,37.1462231,-87.752115,,,,37Â°08'46.403'N,87Â°45'07.614'W
H225:3,Heuchera missouriensis,KY,parviflora,,32.2,30.2,31.2,31200,16.03,8.97,,2/5/2020,,Folk,225,Foster Falls trail 0.75 mi past Foster Falls from parking area,,,,37.1462231,-87.752115,,,,37Â°08'46.403'N,87Â°45'07.614'W
H226:1,Heuchera missouriensis,KY,parviflora,,5.22,4.82,5.02,5020,99.60,Vacuum centrifuge then add 25 uL,,2/5/2020,,Folk,226,"Along Hwy 62, NW side of bridge over Clifty Creek",,,,37.5246667,-86.17638,,,,37Â°31'28.800'N,86Â°10'34.969'W
H226:2,Heuchera missouriensis,KY,parviflora,,16.5,15.7,16.1,16100,31.06,Vacuum centrifuge then add 25 uL,,2/5/2020,,Folk,226,"Along Hwy 62, NW side of bridge over Clifty Creek",,,,37.5246667,-86.17638,,,,37Â°31'28.800'N,86Â°10'34.969'W
H227:1,Heuchera missouriensis,KY,parviflora,,8.42,7.89,8.155,8155,61.31,Vacuum centrifuge then add 25 uL,,2/5/2020,,Folk,227,Along Kentucky 728 NW of Nolin Dam,,,,37.2788247,-86.251023,,,,37Â°16'43.769'N,86Â°15'03.682'W
H227:2,Heuchera missouriensis,KY,parviflora,,22.8,21.5,22.15,22150,22.57,2.43,,2/5/2020,,Folk,227,Along Kentucky 728 NW of Nolin Dam,,,,37.2788247,-86.251023,,,,37Â°16'43.769'N,86Â°15'03.682'W
H228:1,Heuchera missouriensis,KY,parviflora,,9.93,9.19,9.56,9560,52.30,Vacuum centrifuge then add 25 uL,,2/5/2020,,Folk,228,"0.25 mi along trail from parking, Shanty Hollow",,,,37.1446842,-86.38404,,,,37Â°08'40.863'N,86Â°23'02.543'W
H228:2,Heuchera missouriensis,KY,parviflora,,30.9,29,29.95,29950,16.69,8.31,,2/5/2020,,Folk,228,"0.25 mi along trail from parking, Shanty Hollow",,,,37.1446842,-86.38404,,,,37Â°08'40.863'N,86Â°23'02.543'W
H228:3,Heuchera missouriensis,KY,parviflora,,24.6,22.2,23.4,23400,21.37,3.63,,2/5/2020,,Folk,228,"0.25 mi along trail from parking, Shanty Hollow",,,,37.1446842,-86.38404,,,,37Â°08'40.863'N,86Â°23'02.543'W
H229:1,Heuchera parviflora var. saurensis,NC,parviflora,,14.9,13.6,14.25,14250,35.09,Vacuum centrifuge then add 25 uL,,2/5/2020,,,,,,,,36.4146914,-80.264972,,,,36Â°24'52.889'N,80Â°15'53.898'W
H229:2,Heuchera parviflora var. saurensis,NC,parviflora,,28.4,24.7,26.55,26550,18.83,6.17,,2/5/2020,,,,,,,,36.4146914,-80.264972,,,,36Â°24'52.889'N,80Â°15'53.898'W
H229:3,Heuchera parviflora var. saurensis,NC,parviflora,,6.59,5.95,6.27,6270,79.74,Vacuum centrifuge then add 25 uL,,2/5/2020,,,,,,,,36.4146914,-80.264972,,,,36Â°24'52.889'N,80Â°15'53.898'W
H230:1,Heuchera parviflora var. parviflora,NC,parviflora,,9.83,9.13,9.48,9480,52.74,Vacuum centrifuge then add 25 uL,,2/5/2020,,Folk,230,"Rockhouse behind waterfall, side of Cold Mountain Road several miles from Toxaway",,,,35.1594042,-82.973663,,,,35Â°09'33.855'N,82Â°58'25.185'W
H230:2,Heuchera parviflora var. parviflora,NC,parviflora,,7.18,6.77,6.975,6975,71.68,Vacuum centrifuge then add 25 uL,,2/5/2020,,Folk,230,"Rockhouse behind waterfall, side of Cold Mountain Road several miles from Toxaway",,,,35.1594042,-82.973663,,,,35Â°09'33.855'N,82Â°58'25.185'W
H230:3,Heuchera parviflora var. parviflora,NC,parviflora,,10.3,9.88,10.09,10090,49.55,Vacuum centrifuge then add 25 uL,,2/5/2020,,Folk,230,"Rockhouse behind waterfall, side of Cold Mountain Road several miles from Toxaway",,,,35.1594042,-82.973663,,,,35Â°09'33.855'N,82Â°58'25.185'W
H231:1,Heuchera parviflora var. parviflora,NC,parviflora,,29.1,27.1,28.1,28100,17.79,7.21,,2/5/2020,,Folk,231,"Rockhouse above Paradise Falls near Wolf Creek Dam, below Hwy 281",,,,35.2255206,-83.003488,,,,35Â°13'31.874'N,83Â°00'12.557'W
H231:2,Heuchera parviflora var. parviflora,NC,parviflora,,24.1,23.4,23.75,23750,21.05,3.95,,2/5/2020,,Folk,231,"Rockhouse above Paradise Falls near Wolf Creek Dam, below Hwy 281",,,,35.2255206,-83.003488,,,,35Â°13'31.874'N,83Â°00'12.557'W
H231:3,Heuchera parviflora var. parviflora,NC,parviflora,,17.7,16.7,17.2,17200,29.07,Vacuum centrifuge then add 25 uL,,2/5/2020,,Folk,231,"Rockhouse above Paradise Falls near Wolf Creek Dam, below Hwy 281",,,,35.2255206,-83.003488,,,,35Â°13'31.874'N,83Â°00'12.557'W
H232:1,Heuchera parviflora var. saurensis,NC,parviflora,,28.1,26.4,27.25,27250,18.35,6.65,,2/5/2020,,,,"Side of Table Rock Mountain, 1/4 mi along trail from parking area",,,,35.8864519,-81.884293,,,,35Â°53'11.227'N,81Â°53'3.456'W
H232:2,Heuchera parviflora var. saurensis,NC,parviflora,,17.9,17.2,17.55,17550,28.49,Vacuum centrifuge then add 25 uL,,2/5/2020,,,,"Side of Table Rock Mountain, 1/4 mi along trail from parking area",,,,35.8864519,-81.884293,,,,35Â°53'11.227'N,81Â°53'3.456'W
H232:3,Heuchera parviflora var. saurensis,NC,parviflora,,9.18,8.56,8.87,8870,56.37,Vacuum centrifuge then add 25 uL,,2/5/2020,,,,"Side of Table Rock Mountain, 1/4 mi along trail from parking area",,,,35.8864519,-81.884293,,,,35Â°53'11.227'N,81Â°53'3.456'W
H74:1,Heuchera parviflora var. parviflora,KY,parviflora,,1.54,2.15,1.845,1845,271.00,Vacuum centrifuge then add 25 uL,,2/5/2020,,Folk,74,"Bluffs beside Nada Tunnel, Daniel Boone National Forest",,,,37.8166667,-82.317222,Â°,,,"37Â°49'00""","-83Â°40'58"""
H74:2,Heuchera parviflora var. parviflora,KY,parviflora,,6.11,6.72,6.415,6415,77.94,Vacuum centrifuge then add 25 uL,,2/5/2020,,Folk,74,"Bluffs beside Nada Tunnel, Daniel Boone National Forest",,,,37.8166667,-82.317222,,,,"37Â°49'00""","-83Â°40'58"""
H76,Heuchera parviflora var. parviflora,KY,parviflora,,3.26,3.48,3.37,3370,148.37,Vacuum centrifuge then add 25 uL,,2/5/2020,,Folk,76,Cliff along Tarr Ridge Road near intersection with Hwy 715,,,,37.8483333,-82.355833,,,,"37Â°50'54""","-83Â°38'39"""
H77:1,Heuchera parviflora var. parviflora,KY,parviflora,,5.39,5.38,5.385,5385,92.85,Vacuum centrifuge then add 25 uL,,2/5/2020,,Folk ,77,Rockhouse beside Broke Leg Falls,,,,37.9063889,-82.510278,,,,"37Â°54'23""","-83Â°29'23"""
H77:2,Heuchera parviflora var. parviflora,KY,parviflora,,2.83,3.18,3.005,3005,166.39,Vacuum centrifuge then add 25 uL,,2/5/2020,,Folk ,77,Rockhouse beside Broke Leg Falls,,,,37.9063889,-82.510278,,,,"37Â°54'23""","-83Â°29'23"""
H79:2,Heuchera parviflora var. parviflora,OH,parviflora,,5.43,5.95,5.69,5690,87.87,Vacuum centrifuge then add 25 uL,,2/5/2020,,Folk,79,"Vesuvius Lake, rockhouse above picnic area next to the dam",,,,38.607075,-82.628467,,,,"38Â°36'25.47"" N","82Â°37'42.48"" W"
H80:1,Heuchera parviflora var. parviflora,OH,parviflora,,6.62,6.99,6.805,6805,73.48,Vacuum centrifuge then add 25 uL,,2/5/2020,,Folk,80,Low roadside rockhouse above stream along Berry Road,,,,38.602531,-82.339489,,,,,
H80:2,Heuchera parviflora var. parviflora,OH,parviflora,,6.49,6.15,6.32,6320,79.11,Vacuum centrifuge then add 25 uL,,2/5/2020,,Folk,80,Low roadside rockhouse above stream along Berry Road,,,,38.602531,-82.339489,,,,,
I66,Heuchera missouriensis,KY,parviflora,,16.9,17.4,17.15,17150,29.15,Vacuum centrifuge then add 25 uL,,2/5/2020,,Folk,I-66,Pilot Rock,,,,36.921044,-87.286339,,,,,
I86,Heuchera puberula,AR,parviflora,,11.2,10.1,10.65,10650,46.95,Vacuum centrifuge then add 25 uL,,2/5/2020,,Folk,I-86,"Bluffs above Cedar Falls, Petit Jean State Park",,,,35.121596,-92.934199,,,,,
I127,Heuchera lakelae,Coahuila,rosids,Yes,3.07,3.11,,,,,,,a.k.a. rf549,Hinton,18855,,,,,25.247064,-100.35543,TEX,,,,
I128,Heuchera lakelae,Coahuila,rosids,Yes,--,--,,,,,,,a.k.a. rf550,Villarreal,3818,,,,,25.236667,-100.311111,TEX,,,25Â°14'12 N,100Â°18'40â€